{"values": {"bootcamp_good_2": [{"start_time_usec": 1540681134000000, "field_name": "capacity.controller_num_write_iops.anomaly_count", "values": [], "end_time_usec": 1587769134000000, "sampling_interval_sec": 86400}, {"start_time_usec": 1540681134000000, "field_name": "capacity.controller_num_read_iops.maximum", "values": [], "end_time_usec": 1587769134000000, "sampling_interval_sec": 86400}, {"start_time_usec": 1540681134000000, "field_name": "capacity.hypervisor_num_transmitted_bytes.monthly_effects", "values": [], "end_time_usec": 1587769134000000, "sampling_interval_sec": 86400}, {"start_time_usec": 1556150400000000, "field_name": "capacity.hypervisor_cpu_usage_ppm.anomaly_count", "values": [0], "end_time_usec": 1556150400000000, "sampling_interval_sec": 86400}, {"start_time_usec": 1540681134000000, "field_name": "capacity.hypervisor_memory_balloon_reclaimed_bytes.upper_buff", "values": [], "end_time_usec": 1587769134000000, "sampling_interval_sec": 86400}, {"start_time_usec": 1556150400000000, "field_name": "capacity.vm_efficiency_status", "values": ["Good"], "end_time_usec": 1556150400000000, "sampling_interval_sec": 86400}, {"start_time_usec": 1540681134000000, "field_name": "capacity.vm_cpu_bully_status_fine_grained", "values": [], "end_time_usec": 1587769134000000, "sampling_interval_sec": 86400}, {"start_time_usec": 1540681134000000, "field_name": "capacity.controller.snapshot_usage_bytes.monthly_effects", "values": [], "end_time_usec": 1587769134000000, "sampling_interval_sec": 86400}, {"start_time_usec": 1540681134000000, "field_name": "capacity.controller.wss_120s_read_MB.anomaly_count", "values": [], "end_time_usec": 1587769134000000, "sampling_interval_sec": 86400}, {"start_time_usec": 1540681134000000, "field_name": "capacity.hypervisor_num_received_bytes.anomaly_count", "values": [], "end_time_usec": 1587769134000000, "sampling_interval_sec": 86400}, {"start_time_usec": 1540681134000000, "field_name": "capacity.hypervisor_memory_balloon_reclaim_target_bytes.upper_buff", "values": [], "end_time_usec": 1587769134000000, "sampling_interval_sec": 86400}, {"start_time_usec": 1540681134000000, "field_name": "capacity.controller_io_bandwidth_kBps.monthly_effects", "values": [], "end_time_usec": 1587769134000000, "sampling_interval_sec": 86400}, {"start_time_usec": 1540681134000000, "field_name": "capacity.controller_num_read_io.upper", "values": [], "end_time_usec": 1587769134000000, "sampling_interval_sec": 86400}, {"start_time_usec": 1540681134000000, "field_name": "capacity.vm_peak_memory_usage", "values": [], "end_time_usec": 1587769134000000, "sampling_interval_sec": 86400}, {"start_time_usec": 1540681134000000, "field_name": "capacity.hypervisor_swap_out_rate_kBps.upper", "values": [], "end_time_usec": 1587769134000000, "sampling_interval_sec": 86400}, {"start_time_usec": 1540681134000000, "field_name": "capacity.controller_timespan_usecs.lower_buff", "values": [], "end_time_usec": 1587769134000000, "sampling_interval_sec": 86400}, {"start_time_usec": 1556150400000000, "field_name": "capacity.vm_constrained_status", "values": ["good"], "end_time_usec": 1556150400000000, "sampling_interval_sec": 86400}, {"start_time_usec": 1540681134000000, "field_name": "capacity.controller_write_io_bandwidth_kBps.lower_buff", "values": [], "end_time_usec": 1587769134000000, "sampling_interval_sec": 86400}, {"start_time_usec": 1554249600000000, "field_name": "capacity.memory_usage_ppm.maximum", "values": [500000.0, 517903.6806841351, 574050.9518420161, 500000.0, 500000.0, 597315.4059957161, 500000.0, 500000.0, 531168.4887786519, 565464.1965584679, 500000.0, 500000.0, 599287.0905597549, 500000.0, 500000.0, 543344.1278502785, 555701.6383177227, 500000.0, 500000.0, 599997.532600929, 500000.0, 500000.0, 554399.8411780202, 544787.9381891687, 500000.0], "end_time_usec": 1556323200000000, "sampling_interval_sec": 86400}, {"start_time_usec": 1540681134000000, "field_name": "capacity.controller_timespan_usecs.upper_buff", "values": [], "end_time_usec": 1587769134000000, "sampling_interval_sec": 86400}, {"start_time_usec": 1556150400000000, "field_name": "capacity.vm_overprovisioned_detail", "values": ["{}"], "end_time_usec": 1556150400000000, "sampling_interval_sec": 86400}, {"start_time_usec": 1540681134000000, "field_name": "capacity.controller.wss_3600s_write_MB.lower_buff", "values": [], "end_time_usec": 1587769134000000, "sampling_interval_sec": 86400}, {"start_time_usec": 1540681134000000, "field_name": "capacity.hypervisor_num_received_bytes.upper", "values": [], "end_time_usec": 1587769134000000, "sampling_interval_sec": 86400}, {"start_time_usec": 1540681134000000, "field_name": "capacity.controller_io_bandwidth_kBps.upper", "values": [], "end_time_usec": 1587769134000000, "sampling_interval_sec": 86400}, {"start_time_usec": 1540681134000000, "field_name": "capacity.controller.shared_usage_bytes.anomaly_count", "values": [], "end_time_usec": 1587769134000000, "sampling_interval_sec": 86400}, {"start_time_usec": 1540681134000000, "field_name": "capacity.hypervisor_num_transmit_packets_dropped.lower_buff", "values": [], "end_time_usec": 1587769134000000, "sampling_interval_sec": 86400}, {"start_time_usec": 1540681134000000, "field_name": "capacity.controller.wss_120s_write_MB.upper", "values": [], "end_time_usec": 1587769134000000, "sampling_interval_sec": 86400}, {"start_time_usec": 1556150400000000, "field_name": "capacity.vm_merged_utilization_reason", "values": [["None"]], "end_time_usec": 1556150400000000, "sampling_interval_sec": 86400}, {"start_time_usec": 1540681134000000, "field_name": "capacity.hypervisor_swap_out_rate_kBps.monthly_effects", "values": [], "end_time_usec": 1587769134000000, "sampling_interval_sec": 86400}, {"start_time_usec": 1540681134000000, "field_name": "capacity.hypervisor_memory_usage_ppm.maximum", "values": [], "end_time_usec": 1587769134000000, "sampling_interval_sec": 86400}, {"start_time_usec": 1540681134000000, "field_name": "capacity.hypervisor_memory_balloon_reclaim_target_bytes.monthly_effects", "values": [], "end_time_usec": 1587769134000000, "sampling_interval_sec": 86400}, {"start_time_usec": 1540681134000000, "field_name": "capacity.hypervisor_num_receive_packets_dropped.monthly_effects", "values": [], "end_time_usec": 1587769134000000, "sampling_interval_sec": 86400}, {"start_time_usec": 1556150400000000, "field_name": "capacity.vm_memory_bytes_gain", "values": [0.0], "end_time_usec": 1556150400000000, "sampling_interval_sec": 86400}, {"start_time_usec": 1540681134000000, "field_name": "capacity.controller_num_write_iops.maximum", "values": [], "end_time_usec": 1587769134000000, "sampling_interval_sec": 86400}, {"start_time_usec": 1540681134000000, "field_name": "capacity.controller_read_io_bandwidth_kBps.lower_buff", "values": [], "end_time_usec": 1587769134000000, "sampling_interval_sec": 86400}, {"start_time_usec": 1540681134000000, "field_name": "capacity.hypervisor_swap_in_rate_kBps.monthly_effects", "values": [], "end_time_usec": 1587769134000000, "sampling_interval_sec": 86400}, {"start_time_usec": 1540681134000000, "field_name": "capacity.controller_num_read_iops.lower_buff", "values": [], "end_time_usec": 1587769134000000, "sampling_interval_sec": 86400}, {"start_time_usec": 1540681134000000, "field_name": "capacity.hypervisor_num_transmitted_bytes.upper_buff", "values": [], "end_time_usec": 1587769134000000, "sampling_interval_sec": 86400}, {"start_time_usec": 1540681134000000, "field_name": "capacity.controller.wss_120s_union_MB.upper_buff", "values": [], "end_time_usec": 1587769134000000, "sampling_interval_sec": 86400}, {"start_time_usec": 1540681134000000, "field_name": "capacity.vcpu_usage", "values": [], "end_time_usec": 1587769134000000, "sampling_interval_sec": 86400}, {"start_time_usec": 1540681134000000, "field_name": "capacity.controller_user_bytes.anomaly_count", "values": [], "end_time_usec": 1587769134000000, "sampling_interval_sec": 86400}, {"start_time_usec": 1540681134000000, "field_name": "capacity.controller.wss_120s_write_MB.upper_buff", "values": [], "end_time_usec": 1587769134000000, "sampling_interval_sec": 86400}, {"start_time_usec": 1540681134000000, "field_name": "capacity.controller.snapshot_usage_bytes.anomaly_count", "values": [], "end_time_usec": 1587769134000000, "sampling_interval_sec": 86400}, {"start_time_usec": 1540681134000000, "field_name": "capacity.controller_num_write_iops.upper", "values": [], "end_time_usec": 1587769134000000, "sampling_interval_sec": 86400}, {"start_time_usec": 1540681134000000, "field_name": "capacity.hypervisor_memory_balloon_reclaim_target_bytes.lower_buff", "values": [], "end_time_usec": 1587769134000000, "sampling_interval_sec": 86400}, {"start_time_usec": 1540681134000000, "field_name": "capacity.hypervisor_num_transmit_packets_dropped.upper", "values": [], "end_time_usec": 1587769134000000, "sampling_interval_sec": 86400}, {"start_time_usec": 1540681134000000, "field_name": "capacity.hypervisor_num_received_bytes.monthly_effects", "values": [], "end_time_usec": 1587769134000000, "sampling_interval_sec": 86400}, {"start_time_usec": 1540681134000000, "field_name": "capacity.controller_read_io_bandwidth_kBps.anomaly_count", "values": [], "end_time_usec": 1587769134000000, "sampling_interval_sec": 86400}, {"start_time_usec": 1540681134000000, "field_name": "capacity.hypervisor_memory_balloon_reclaimed_bytes.monthly_effects", "values": [], "end_time_usec": 1587769134000000, "sampling_interval_sec": 86400}, {"start_time_usec": 1540681134000000, "field_name": "capacity.controller_num_write_iops.upper_buff", "values": [], "end_time_usec": 1587769134000000, "sampling_interval_sec": 86400}, {"start_time_usec": 1540681134000000, "field_name": "capacity.controller_num_write_iops.lower_buff", "values": [], "end_time_usec": 1587769134000000, "sampling_interval_sec": 86400}, {"start_time_usec": 1540681134000000, "field_name": "capacity.vm_memory_usage_percentile", "values": [], "end_time_usec": 1587769134000000, "sampling_interval_sec": 86400}, {"start_time_usec": 1540681134000000, "field_name": "capacity.controller.wss_3600s_write_MB.anomaly_count", "values": [], "end_time_usec": 1587769134000000, "sampling_interval_sec": 86400}, {"start_time_usec": 1540681134000000, "field_name": "capacity.vm_cpu_usage_percentile", "values": [], "end_time_usec": 1587769134000000, "sampling_interval_sec": 86400}, {"start_time_usec": 1540681134000000, "field_name": "capacity.controller_user_bytes.upper_buff", "values": [], "end_time_usec": 1587769134000000, "sampling_interval_sec": 86400}, {"start_time_usec": 1540681134000000, "field_name": "capacity.hypervisor_memory_balloon_reclaimed_bytes.lower_buff", "values": [], "end_time_usec": 1587769134000000, "sampling_interval_sec": 86400}, {"start_time_usec": 1540681134000000, "field_name": "capacity.hypervisor_memory_balloon_reclaim_target_bytes.upper", "values": [], "end_time_usec": 1587769134000000, "sampling_interval_sec": 86400}, {"start_time_usec": 1554249600000000, "field_name": "capacity.hypervisor_cpu_usage_ppm.maximum", "values": [500000.0, 517903.6806841351, 574050.9518420161, 500000.0, 500000.0, 597315.4059957161, 500000.0, 500000.0, 531168.4887786519, 565464.1965584679, 500000.0, 500000.0, 599287.0905597549, 500000.0, 500000.0, 543344.1278502785, 555701.6383177227, 500000.0, 500000.0, 599997.532600929, 500000.0, 500000.0, 554399.8411780202, 544787.9381891687, 500000.0], "end_time_usec": 1556323200000000, "sampling_interval_sec": 86400}, {"start_time_usec": 1540681134000000, "field_name": "capacity.controller.shared_usage_bytes.upper", "values": [], "end_time_usec": 1587769134000000, "sampling_interval_sec": 86400}, {"start_time_usec": 1540681134000000, "field_name": "capacity.hypervisor_swap_in_rate_kBps.lower_buff", "values": [], "end_time_usec": 1587769134000000, "sampling_interval_sec": 86400}, {"start_time_usec": 1540681134000000, "field_name": "capacity.hypervisor_num_received_bytes.lower_buff", "values": [], "end_time_usec": 1587769134000000, "sampling_interval_sec": 86400}, {"start_time_usec": 1540681134000000, "field_name": "capacity.vm_remove.memory_usage", "values": [], "end_time_usec": 1587769134000000, "sampling_interval_sec": 86400}, {"start_time_usec": 1556150400000000, "field_name": "capacity.vm_cpu_utilization_status", "values": [50], "end_time_usec": 1556150400000000, "sampling_interval_sec": 86400}, {"start_time_usec": 1540681134000000, "field_name": "capacity.controller_num_io.lower_buff", "values": [], "end_time_usec": 1587769134000000, "sampling_interval_sec": 86400}, {"start_time_usec": 1540681134000000, "field_name": "capacity.controller_num_iops.monthly_effects", "values": [], "end_time_usec": 1587769134000000, "sampling_interval_sec": 86400}, {"start_time_usec": 1540681134000000, "field_name": "capacity.hypervisor_swap_out_rate_kBps.lower_buff", "values": [], "end_time_usec": 1587769134000000, "sampling_interval_sec": 86400}, {"start_time_usec": 1556150400000000, "field_name": "capacity.vm_cpu_utilization_reason", "values": [[-1.0]], "end_time_usec": 1556150400000000, "sampling_interval_sec": 86400}, {"start_time_usec": 1554249600000000, "field_name": "capacity.hypervisor_cpu_usage_ppm.upper", "values": [500000.0, 517903.6806841351, 574050.9518420161, 500000.0, 500000.0, 597315.4059957161, 500000.0, 500000.0, 531168.4887786519, 565464.1965584679, 500000.0, 500000.0, 599287.0905597549, 500000.0, 500000.0, 543344.1278502785, 555701.6383177227, 500000.0, 500000.0, 599997.532600929, 500000.0, 500000.0, 554399.8411780202, 544787.9381891687, 500000.0], "end_time_usec": 1556323200000000, "sampling_interval_sec": 86400}, {"start_time_usec": 1540681134000000, "field_name": "capacity.is_vm_underutilized", "values": [], "end_time_usec": 1587769134000000, "sampling_interval_sec": 86400}, {"start_time_usec": 1540681134000000, "field_name": "capacity.controller.wss_3600s_union_MB.anomaly_count", "values": [], "end_time_usec": 1587769134000000, "sampling_interval_sec": 86400}, {"start_time_usec": 1554249600000000, "field_name": "capacity.memory_usage_ppm.upper_buff", "values": [500000.0, 517903.6806841351, 574050.9518420161, 500000.0, 500000.0, 597315.4059957161, 500000.0, 500000.0, 531168.4887786519, 565464.1965584679, 500000.0, 500000.0, 599287.0905597549, 500000.0, 500000.0, 543344.1278502785, 555701.6383177227, 500000.0, 500000.0, 599997.532600929, 500000.0, 500000.0, 554399.8411780202, 544787.9381891687, 500000.0], "end_time_usec": 1556323200000000, "sampling_interval_sec": 86400}, {"start_time_usec": 1554249600000000, "field_name": "capacity.hypervisor_cpu_usage_ppm.lower_buff", "values": [300000.0, 317903.6806841351, 374050.951842016, 300000.0, 300000.0, 397315.40599571617, 300000.0, 300000.0, 331168.4887786519, 365464.1965584679, 300000.0, 300000.0, 399287.09055975487, 300000.0, 300000.0, 343344.12785027846, 355701.6383177227, 300000.0, 300000.0, 399997.5326009291, 300000.0, 300000.0, 354399.8411780203, 344787.93818916864, 300000.0], "end_time_usec": 1556323200000000, "sampling_interval_sec": 86400}, {"start_time_usec": 1540681134000000, "field_name": "capacity.vm_io_bully_status_fine_grained", "values": [], "end_time_usec": 1587769134000000, "sampling_interval_sec": 86400}, {"start_time_usec": 1540681134000000, "field_name": "capacity.controller_num_read_iops.upper", "values": [], "end_time_usec": 1587769134000000, "sampling_interval_sec": 86400}, {"start_time_usec": 1540681134000000, "field_name": "capacity.controller.wss_120s_write_MB.anomaly_count", "values": [], "end_time_usec": 1587769134000000, "sampling_interval_sec": 86400}, {"start_time_usec": 1556150400000000, "field_name": "capacity.vm_network_dead_status", "values": [0], "end_time_usec": 1556150400000000, "sampling_interval_sec": 86400}, {"start_time_usec": 1556150400000000, "field_name": "capacity.vm_memory_utilization_status", "values": [50], "end_time_usec": 1556150400000000, "sampling_interval_sec": 86400}, {"start_time_usec": 1556150400000000, "field_name": "capacity.vm_efficiency_detail", "values": ["{\"good_vm\": true}"], "end_time_usec": 1556150400000000, "sampling_interval_sec": 86400}, {"start_time_usec": 1556150400000000, "field_name": "capacity.memory_usage_ppm.anomaly_count", "values": [0], "end_time_usec": 1556150400000000, "sampling_interval_sec": 86400}, {"start_time_usec": 1540681134000000, "field_name": "capacity.controller_write_io_bandwidth_kBps.upper_buff", "values": [], "end_time_usec": 1587769134000000, "sampling_interval_sec": 86400}, {"start_time_usec": 1540681134000000, "field_name": "capacity.memory_usage_ppm.monthly_effects", "values": [], "end_time_usec": 1587769134000000, "sampling_interval_sec": 86400}, {"start_time_usec": 1540681134000000, "field_name": "capacity.hypervisor_swap_in_rate_kBps.upper", "values": [], "end_time_usec": 1587769134000000, "sampling_interval_sec": 86400}, {"start_time_usec": 1540681134000000, "field_name": "capacity.controller_num_read_io.lower_buff", "values": [], "end_time_usec": 1587769134000000, "sampling_interval_sec": 86400}, {"start_time_usec": 1540681134000000, "field_name": "capacity.controller.wss_3600s_union_MB.upper_buff", "values": [], "end_time_usec": 1587769134000000, "sampling_interval_sec": 86400}, {"start_time_usec": 1540681134000000, "field_name": "capacity.controller.wss_3600s_read_MB.anomaly_count", "values": [], "end_time_usec": 1587769134000000, "sampling_interval_sec": 86400}, {"start_time_usec": 1540681134000000, "field_name": "capacity.hypervisor_memory_usage_ppm.upper", "values": [], "end_time_usec": 1587769134000000, "sampling_interval_sec": 86400}, {"start_time_usec": 1540681134000000, "field_name": "capacity.hypervisor_num_receive_packets_dropped.upper_buff", "values": [], "end_time_usec": 1587769134000000, "sampling_interval_sec": 86400}, {"start_time_usec": 1540681134000000, "field_name": "capacity.hypervisor_swap_in_rate_kBps.anomaly_count", "values": [], "end_time_usec": 1587769134000000, "sampling_interval_sec": 86400}, {"start_time_usec": 1554249600000000, "field_name": "capacity.hypervisor_cpu_usage_ppm.upper_buff", "values": [500000.0, 517903.6806841351, 574050.9518420161, 500000.0, 500000.0, 597315.4059957161, 500000.0, 500000.0, 531168.4887786519, 565464.1965584679, 500000.0, 500000.0, 599287.0905597549, 500000.0, 500000.0, 543344.1278502785, 555701.6383177227, 500000.0, 500000.0, 599997.532600929, 500000.0, 500000.0, 554399.8411780202, 544787.9381891687, 500000.0], "end_time_usec": 1556323200000000, "sampling_interval_sec": 86400}, {"start_time_usec": 1540681134000000, "field_name": "capacity.controller_io_bandwidth_kBps.lower_buff", "values": [], "end_time_usec": 1587769134000000, "sampling_interval_sec": 86400}, {"start_time_usec": 1540681134000000, "field_name": "capacity.controller.wss_3600s_read_MB.upper_buff", "values": [], "end_time_usec": 1587769134000000, "sampling_interval_sec": 86400}, {"start_time_usec": 1540681134000000, "field_name": "capacity.vm_storage_bytes_gain", "values": [], "end_time_usec": 1587769134000000, "sampling_interval_sec": 86400}, {"start_time_usec": 1540681134000000, "field_name": "capacity.controller_read_io_bandwidth_kBps.upper", "values": [], "end_time_usec": 1587769134000000, "sampling_interval_sec": 86400}, {"start_time_usec": 1556150400000000, "field_name": "capacity.vm_dead_status", "values": [0], "end_time_usec": 1556150400000000, "sampling_interval_sec": 86400}, {"start_time_usec": 1540681134000000, "field_name": "capacity.controller.wss_120s_union_MB.upper", "values": [], "end_time_usec": 1587769134000000, "sampling_interval_sec": 86400}, {"start_time_usec": 1556150400000000, "field_name": "capacity.vm_constrained_detail", "values": ["{}"], "end_time_usec": 1556150400000000, "sampling_interval_sec": 86400}, {"start_time_usec": 1554076800000000, "field_name": "capacity.hypervisor.cpu_ready_time_ppm.maximum", "values": [0.0, 0.0, 0.0, 0.0, 0.0, 0.0, 0.0, 0.0, 0.0, 0.0, 0.0, 0.0, 0.0, 0.0, 0.0, 0.0, 0.0, 0.0, 0.0, 0.0, 0.0, 0.0, 0.0, 0.0, 0.0, 0.0, 0.0, 0.0, 0.0, 0.0, 0.0, 0.0, 0.0, 0.0, 0.0, 0.0, 0.0, 0.0, 0.0, 0.0, 0.0, 0.0, 0.0, 0.0, 0.0, 0.0, 0.0, 0.0, 0.0, 0.0, 0.0, 0.0, 0.0, 0.0, 0.0, 0.0, 0.0, 0.0, 0.0, 0.0, 0.0, 0.0, 0.0, 0.0, 0.0, 0.0, 0.0, 0.0, 0.0, 0.0, 0.0, 0.0, 0.0, 0.0, 0.0, 0.0, 0.0, 0.0, 0.0, 0.0, 0.0, 0.0, 0.0, 0.0, 0.0, 0.0, 0.0, 0.0, 0.0, 0.0, 0.0, 0.0, 0.0, 0.0, 0.0, 0.0, 0.0, 0.0, 0.0, 0.0, 0.0, 0.0, 0.0, 0.0, 0.0, 0.0, 0.0, 0.0, 0.0, 0.0, 0.0, 0.0, 0.0, 0.0, 0.0, 0.0, 0.0, 0.0, 0.0, 0.0, 0.0, 0.0, 0.0, 0.0, 0.0, 0.0, 0.0, 0.0, 0.0, 0.0, 0.0, 0.0, 0.0, 0.0, 0.0, 0.0, 0.0, 0.0, 0.0, 0.0, 0.0, 0.0, 0.0, 0.0, 0.0, 0.0, 0.0, 0.0, 0.0, 0.0, 0.0, 0.0, 0.0, 0.0, 0.0, 0.0, 0.0, 0.0, 0.0, 0.0, 0.0, 0.0, 0.0, 0.0, 0.0, 0.0, 0.0, 0.0, 0.0, 0.0, 0.0, 0.0, 0.0, 0.0, 0.0, 0.0, 0.0, 0.0, 0.0, 0.0, 0.0, 0.0, 0.0, 0.0, 0.0, 0.0, 0.0, 0.0, 0.0, 0.0, 0.0, 0.0, 0.0, 0.0, 0.0, 0.0, 0.0, 0.0, 0.0, 0.0, 0.0, 0.0, 0.0, 0.0, 0.0, 0.0, 0.0, 0.0, 0.0, 0.0, 0.0, 0.0, 0.0, 0.0, 0.0, 0.0, 0.0, 0.0, 0.0, 0.0, 0.0, 0.0, 0.0, 0.0, 0.0, 0.0, 0.0, 0.0, 0.0, 0.0, 0.0, 0.0, 0.0, 0.0, 0.0, 0.0, 0.0, 0.0, 0.0, 0.0, 0.0, 0.0, 0.0, 0.0, 0.0, 0.0, 0.0, 0.0, 0.0, 0.0, 0.0, 0.0, 0.0, 0.0, 0.0, 0.0, 0.0, 0.0, 0.0, 0.0, 0.0, 0.0, 0.0, 0.0, 0.0, 0.0, 0.0, 0.0, 0.0, 0.0, 0.0, 0.0, 0.0, 0.0, 0.0, 0.0, 0.0, 0.0, 0.0, 0.0, 0.0, 0.0, 0.0, 0.0, 0.0, 0.0, 0.0, 0.0, 0.0, 0.0, 0.0, 0.0, 0.0, 0.0, 0.0, 0.0, 0.0, 0.0, 0.0, 0.0, 0.0, 0.0, 0.0, 0.0, 0.0, 0.0, 0.0, 0.0, 0.0, 0.0, 0.0, 0.0, 0.0, 0.0, 0.0, 0.0, 0.0, 0.0, 0.0, 0.0, 0.0, 0.0, 0.0, 0.0, 0.0, 0.0, 0.0, 0.0, 0.0, 0.0, 0.0, 0.0, 0.0, 0.0, 0.0, 0.0, 0.0, 0.0, 0.0, 0.0, 0.0, 0.0, 0.0, 0.0, 0.0, 0.0, 0.0, 0.0, 0.0, 0.0, 0.0, 0.0, 0.0, 0.0, 0.0, 0.0, 0.0, 0.0, 0.0, 0.0, 0.0, 0.0, 0.0, 0.0, 0.0, 0.0, 0.0, 0.0, 0.0, 0.0, 0.0, 0.0, 0.0, 0.0, 0.0, 0.0, 0.0, 0.0, 0.0, 0.0, 0.0, 0.0, 0.0, 0.0, 0.0, 0.0, 0.0, 0.0, 0.0, 0.0], "end_time_usec": 1587686400000000, "sampling_interval_sec": 86400}, {"start_time_usec": 1540681134000000, "field_name": "capacity.controller_num_iops.upper_buff", "values": [], "end_time_usec": 1587769134000000, "sampling_interval_sec": 86400}, {"start_time_usec": 1540681134000000, "field_name": "capacity.hypervisor_num_transmitted_bytes.upper", "values": [], "end_time_usec": 1587769134000000, "sampling_interval_sec": 86400}, {"start_time_usec": 1540681134000000, "field_name": "capacity.controller.wss_120s_write_MB.lower_buff", "values": [], "end_time_usec": 1587769134000000, "sampling_interval_sec": 86400}, {"start_time_usec": 1540681134000000, "field_name": "capacity.vm_remove.storage_usage", "values": [], "end_time_usec": 1587769134000000, "sampling_interval_sec": 86400}, {"start_time_usec": 1554249600000000, "field_name": "capacity.hypervisor.cpu_ready_time_ppm.upper_buff", "values": [500000.0, 500000.0, 500000.0, 500000.0, 500000.0, 500000.0, 500000.0, 500000.0, 500000.0, 500000.0, 500000.0, 500000.0, 500000.0, 500000.0, 500000.0, 500000.0, 500000.0, 500000.0, 500000.0, 500000.0, 500000.0, 500000.0, 500000.0, 500000.0, 500000.0], "end_time_usec": 1556323200000000, "sampling_interval_sec": 86400}, {"start_time_usec": 1556150400000000, "field_name": "capacity.vm_io_dead_status", "values": [0], "end_time_usec": 1556150400000000, "sampling_interval_sec": 86400}, {"start_time_usec": 1556150400000000, "field_name": "capacity.vm_dead_detail", "values": ["None"], "end_time_usec": 1556150400000000, "sampling_interval_sec": 86400}, {"start_time_usec": 1540681134000000, "field_name": "capacity.hypervisor_memory_balloon_reclaimed_bytes.upper", "values": [], "end_time_usec": 1587769134000000, "sampling_interval_sec": 86400}, {"start_time_usec": 1554249600000000, "field_name": "capacity.memory_usage_ppm.upper", "values": [500000.0, 517903.6806841351, 574050.9518420161, 500000.0, 500000.0, 597315.4059957161, 500000.0, 500000.0, 531168.4887786519, 565464.1965584679, 500000.0, 500000.0, 599287.0905597549, 500000.0, 500000.0, 543344.1278502785, 555701.6383177227, 500000.0, 500000.0, 599997.532600929, 500000.0, 500000.0, 554399.8411780202, 544787.9381891687, 500000.0], "end_time_usec": 1556323200000000, "sampling_interval_sec": 86400}, {"start_time_usec": 1540681134000000, "field_name": "capacity.controller.wss_3600s_write_MB.upper_buff", "values": [], "end_time_usec": 1587769134000000, "sampling_interval_sec": 86400}, {"start_time_usec": 1540681134000000, "field_name": "capacity.controller.shared_usage_bytes.lower_buff", "values": [], "end_time_usec": 1587769134000000, "sampling_interval_sec": 86400}, {"start_time_usec": 1540681134000000, "field_name": "capacity.hypervisor_num_transmit_packets_dropped.monthly_effects", "values": [], "end_time_usec": 1587769134000000, "sampling_interval_sec": 86400}, {"start_time_usec": 1540681134000000, "field_name": "capacity.controller.snapshot_usage_bytes.upper_buff", "values": [], "end_time_usec": 1587769134000000, "sampling_interval_sec": 86400}, {"start_time_usec": 1540681134000000, "field_name": "capacity.controller_num_iops.upper", "values": [], "end_time_usec": 1587769134000000, "sampling_interval_sec": 86400}, {"start_time_usec": 1540681134000000, "field_name": "capacity.hypervisor_memory_balloon_reclaim_target_bytes.anomaly_count", "values": [], "end_time_usec": 1587769134000000, "sampling_interval_sec": 86400}, {"start_time_usec": 1540681134000000, "field_name": "capacity.power_on_time", "values": [], "end_time_usec": 1587769134000000, "sampling_interval_sec": 86400}, {"start_time_usec": 1540681134000000, "field_name": "capacity.hypervisor_swap_out_rate_kBps.anomaly_count", "values": [], "end_time_usec": 1587769134000000, "sampling_interval_sec": 86400}, {"start_time_usec": 1540681134000000, "field_name": "capacity.controller_num_read_iops.anomaly_count", "values": [], "end_time_usec": 1587769134000000, "sampling_interval_sec": 86400}, {"start_time_usec": 1540681134000000, "field_name": "capacity.hypervisor_num_transmit_packets_dropped.upper_buff", "values": [], "end_time_usec": 1587769134000000, "sampling_interval_sec": 86400}, {"start_time_usec": 1540681134000000, "field_name": "capacity.controller_timespan_usecs.upper", "values": [], "end_time_usec": 1587769134000000, "sampling_interval_sec": 86400}, {"start_time_usec": 1540681134000000, "field_name": "capacity.vm_peak_cpu_usage", "values": [], "end_time_usec": 1587769134000000, "sampling_interval_sec": 86400}, {"start_time_usec": 1540681134000000, "field_name": "capacity.controller_read_io_bandwidth_kBps.monthly_effects", "values": [], "end_time_usec": 1587769134000000, "sampling_interval_sec": 86400}, {"start_time_usec": 1540681134000000, "field_name": "capacity.hypervisor_num_transmit_packets_dropped.anomaly_count", "values": [], "end_time_usec": 1587769134000000, "sampling_interval_sec": 86400}, {"start_time_usec": 1540681134000000, "field_name": "capacity.hypervisor_swap_out_rate_kBps.maximum", "values": [], "end_time_usec": 1587769134000000, "sampling_interval_sec": 86400}, {"start_time_usec": 1540681134000000, "field_name": "capacity.controller.wss_120s_read_MB.upper_buff", "values": [], "end_time_usec": 1587769134000000, "sampling_interval_sec": 86400}, {"start_time_usec": 1540681134000000, "field_name": "capacity.hypervisor_swap_out_rate_kBps.upper_buff", "values": [], "end_time_usec": 1587769134000000, "sampling_interval_sec": 86400}, {"start_time_usec": 1540681134000000, "field_name": "capacity.controller.wss_3600s_union_MB.monthly_effects", "values": [], "end_time_usec": 1587769134000000, "sampling_interval_sec": 86400}, {"start_time_usec": 1540681134000000, "field_name": "capacity.vm_predict_mean_memory_usage", "values": [], "end_time_usec": 1587769134000000, "sampling_interval_sec": 86400}, {"start_time_usec": 1540681134000000, "field_name": "capacity.controller.wss_3600s_union_MB.lower_buff", "values": [], "end_time_usec": 1587769134000000, "sampling_interval_sec": 86400}, {"start_time_usec": 1540681134000000, "field_name": "capacity.hypervisor_num_receive_packets_dropped.anomaly_count", "values": [], "end_time_usec": 1587769134000000, "sampling_interval_sec": 86400}, {"start_time_usec": 1540681134000000, "field_name": "capacity.controller.wss_3600s_write_MB.monthly_effects", "values": [], "end_time_usec": 1587769134000000, "sampling_interval_sec": 86400}, {"start_time_usec": 1540681134000000, "field_name": "capacity.vm_memory_bully_status_fine_grained", "values": [], "end_time_usec": 1587769134000000, "sampling_interval_sec": 86400}, {"start_time_usec": 1540681134000000, "field_name": "capacity.controller.snapshot_usage_bytes.upper", "values": [], "end_time_usec": 1587769134000000, "sampling_interval_sec": 86400}, {"start_time_usec": 1540681134000000, "field_name": "capacity.hypervisor_memory_balloon_reclaimed_bytes.anomaly_count", "values": [], "end_time_usec": 1587769134000000, "sampling_interval_sec": 86400}, {"start_time_usec": 1540681134000000, "field_name": "capacity.hypervisor_num_transmitted_bytes.anomaly_count", "values": [], "end_time_usec": 1587769134000000, "sampling_interval_sec": 86400}, {"start_time_usec": 1540681134000000, "field_name": "capacity.hypervisor_num_receive_packets_dropped.lower_buff", "values": [], "end_time_usec": 1587769134000000, "sampling_interval_sec": 86400}, {"start_time_usec": 1556150400000000, "field_name": "capacity.vm_overprovisioned_status", "values": ["good"], "end_time_usec": 1556150400000000, "sampling_interval_sec": 86400}, {"start_time_usec": 1540681134000000, "field_name": "capacity.controller.wss_3600s_union_MB.upper", "values": [], "end_time_usec": 1587769134000000, "sampling_interval_sec": 86400}, {"start_time_usec": 1540681134000000, "field_name": "capacity.hypervisor_swap_in_rate_kBps.maximum", "values": [], "end_time_usec": 1587769134000000, "sampling_interval_sec": 86400}, {"start_time_usec": 1540681134000000, "field_name": "capacity.hypervisor_num_transmitted_bytes.maximum", "values": [], "end_time_usec": 1587769134000000, "sampling_interval_sec": 86400}, {"start_time_usec": 1540681134000000, "field_name": "capacity.hypervisor_cpu_usage_ppm.monthly_effects", "values": [], "end_time_usec": 1587769134000000, "sampling_interval_sec": 86400}, {"start_time_usec": 1540681134000000, "field_name": "capacity.controller_num_write_iops.monthly_effects", "values": [], "end_time_usec": 1587769134000000, "sampling_interval_sec": 86400}, {"start_time_usec": 1554249600000000, "field_name": "capacity.memory_usage_ppm.lower_buff", "values": [300000.0, 317903.6806841351, 374050.951842016, 300000.0, 300000.0, 397315.40599571617, 300000.0, 300000.0, 331168.4887786519, 365464.1965584679, 300000.0, 300000.0, 399287.09055975487, 300000.0, 300000.0, 343344.12785027846, 355701.6383177227, 300000.0, 300000.0, 399997.5326009291, 300000.0, 300000.0, 354399.8411780203, 344787.93818916864, 300000.0], "end_time_usec": 1556323200000000, "sampling_interval_sec": 86400}, {"start_time_usec": 1540681134000000, "field_name": "capacity.controller_io_bandwidth_kBps.anomaly_count", "values": [], "end_time_usec": 1587769134000000, "sampling_interval_sec": 86400}, {"start_time_usec": 1540681134000000, "field_name": "capacity.controller_num_read_io.maximum", "values": [], "end_time_usec": 1587769134000000, "sampling_interval_sec": 86400}, {"start_time_usec": 1540681134000000, "field_name": "capacity.controller.wss_120s_union_MB.monthly_effects", "values": [], "end_time_usec": 1587769134000000, "sampling_interval_sec": 86400}, {"start_time_usec": 1556150400000000, "field_name": "capacity.vm_memory_utilization_reason", "values": [[-1.0]], "end_time_usec": 1556150400000000, "sampling_interval_sec": 86400}, {"start_time_usec": 1540681134000000, "field_name": "capacity.controller_num_iops.anomaly_count", "values": [], "end_time_usec": 1587769134000000, "sampling_interval_sec": 86400}, {"start_time_usec": 1540681134000000, "field_name": "capacity.controller.wss_120s_read_MB.monthly_effects", "values": [], "end_time_usec": 1587769134000000, "sampling_interval_sec": 86400}, {"start_time_usec": 1540681134000000, "field_name": "capacity.controller_num_iops.lower_buff", "values": [], "end_time_usec": 1587769134000000, "sampling_interval_sec": 86400}, {"start_time_usec": 1540681134000000, "field_name": "capacity.controller.snapshot_usage_bytes.lower_buff", "values": [], "end_time_usec": 1587769134000000, "sampling_interval_sec": 86400}, {"start_time_usec": 1540681134000000, "field_name": "capacity.hypervisor_swap_in_rate_kBps.upper_buff", "values": [], "end_time_usec": 1587769134000000, "sampling_interval_sec": 86400}, {"start_time_usec": 1540681134000000, "field_name": "capacity.controller_num_read_iops.monthly_effects", "values": [], "end_time_usec": 1587769134000000, "sampling_interval_sec": 86400}, {"start_time_usec": 1540681134000000, "field_name": "capacity.hypervisor_num_transmitted_bytes.lower_buff", "values": [], "end_time_usec": 1587769134000000, "sampling_interval_sec": 86400}, {"start_time_usec": 1540681134000000, "field_name": "capacity.vm_predict_mean_cpu_usage", "values": [], "end_time_usec": 1587769134000000, "sampling_interval_sec": 86400}, {"start_time_usec": 1540681134000000, "field_name": "capacity.controller_timespan_usecs.maximum", "values": [], "end_time_usec": 1587769134000000, "sampling_interval_sec": 86400}, {"start_time_usec": 1540681134000000, "field_name": "capacity.hypervisor_memory_usage_ppm.upper_buff", "values": [], "end_time_usec": 1587769134000000, "sampling_interval_sec": 86400}, {"start_time_usec": 1556150400000000, "field_name": "capacity.vm_cpu_bully_status", "values": [""], "end_time_usec": 1556150400000000, "sampling_interval_sec": 86400}, {"start_time_usec": 1540681134000000, "field_name": "capacity.controller_num_read_iops.upper_buff", "values": [], "end_time_usec": 1587769134000000, "sampling_interval_sec": 86400}, {"start_time_usec": 1540681134000000, "field_name": "capacity.controller_num_io.upper_buff", "values": [], "end_time_usec": 1587769134000000, "sampling_interval_sec": 86400}, {"start_time_usec": 1540681134000000, "field_name": "capacity.controller_user_bytes.upper", "values": [], "end_time_usec": 1587769134000000, "sampling_interval_sec": 86400}, {"start_time_usec": 1540681134000000, "field_name": "capacity.controller.shared_usage_bytes.upper_buff", "values": [], "end_time_usec": 1587769134000000, "sampling_interval_sec": 86400}, {"start_time_usec": 1556150400000000, "field_name": "capacity.hypervisor.cpu_ready_time_ppm.anomaly_count", "values": [0], "end_time_usec": 1556150400000000, "sampling_interval_sec": 86400}, {"start_time_usec": 1556150400000000, "field_name": "capacity.vm_memory_bully_status", "values": [""], "end_time_usec": 1556150400000000, "sampling_interval_sec": 86400}, {"start_time_usec": 1540681134000000, "field_name": "capacity.controller.wss_120s_read_MB.lower_buff", "values": [], "end_time_usec": 1587769134000000, "sampling_interval_sec": 86400}, {"start_time_usec": 1540681134000000, "field_name": "capacity.hypervisor_num_received_bytes.upper_buff", "values": [], "end_time_usec": 1587769134000000, "sampling_interval_sec": 86400}, {"start_time_usec": 1540681134000000, "field_name": "capacity.hypervisor.cpu_ready_time_ppm.monthly_effects", "values": [], "end_time_usec": 1587769134000000, "sampling_interval_sec": 86400}, {"start_time_usec": 1556150400000000, "field_name": "capacity.vm_vcpu_gain", "values": [0], "end_time_usec": 1556150400000000, "sampling_interval_sec": 86400}, {"start_time_usec": 1554249600000000, "field_name": "capacity.hypervisor.cpu_ready_time_ppm.lower_buff", "values": [300000.0, 300000.0, 300000.0, 300000.0, 300000.0, 300000.0, 300000.0, 300000.0, 300000.0, 300000.0, 300000.0, 300000.0, 300000.0, 300000.0, 300000.0, 300000.0, 300000.0, 300000.0, 300000.0, 300000.0, 300000.0, 300000.0, 300000.0, 300000.0, 300000.0], "end_time_usec": 1556323200000000, "sampling_interval_sec": 86400}, {"start_time_usec": 1540681134000000, "field_name": "capacity.controller.shared_usage_bytes.monthly_effects", "values": [], "end_time_usec": 1587769134000000, "sampling_interval_sec": 86400}, {"start_time_usec": 1540681134000000, "field_name": "capacity.vm_remove.cpu_usage", "values": [], "end_time_usec": 1587769134000000, "sampling_interval_sec": 86400}, {"start_time_usec": 1540681134000000, "field_name": "capacity.controller_user_bytes.monthly_effects", "values": [], "end_time_usec": 1587769134000000, "sampling_interval_sec": 86400}, {"start_time_usec": 1540681134000000, "field_name": "capacity.controller.wss_120s_union_MB.lower_buff", "values": [], "end_time_usec": 1587769134000000, "sampling_interval_sec": 86400}, {"start_time_usec": 1540681134000000, "field_name": "capacity.controller.wss_120s_union_MB.anomaly_count", "values": [], "end_time_usec": 1587769134000000, "sampling_interval_sec": 86400}, {"start_time_usec": 1540681134000000, "field_name": "capacity.controller.wss_120s_read_MB.upper", "values": [], "end_time_usec": 1587769134000000, "sampling_interval_sec": 86400}, {"start_time_usec": 1540681134000000, "field_name": "capacity.hypervisor_num_receive_packets_dropped.upper", "values": [], "end_time_usec": 1587769134000000, "sampling_interval_sec": 86400}, {"start_time_usec": 1540681134000000, "field_name": "capacity.hypervisor_num_received_bytes.maximum", "values": [], "end_time_usec": 1587769134000000, "sampling_interval_sec": 86400}, {"start_time_usec": 1540681134000000, "field_name": "capacity.controller_num_io.maximum", "values": [], "end_time_usec": 1587769134000000, "sampling_interval_sec": 86400}, {"start_time_usec": 1540681134000000, "field_name": "capacity.controller_write_io_bandwidth_kBps.monthly_effects", "values": [], "end_time_usec": 1587769134000000, "sampling_interval_sec": 86400}, {"start_time_usec": 1540681134000000, "field_name": "capacity.controller_user_bytes.lower_buff", "values": [], "end_time_usec": 1587769134000000, "sampling_interval_sec": 86400}, {"start_time_usec": 1540681134000000, "field_name": "capacity.controller.wss_3600s_read_MB.upper", "values": [], "end_time_usec": 1587769134000000, "sampling_interval_sec": 86400}, {"start_time_usec": 1540681134000000, "field_name": "capacity.controller.wss_3600s_read_MB.monthly_effects", "values": [], "end_time_usec": 1587769134000000, "sampling_interval_sec": 86400}, {"start_time_usec": 1540681134000000, "field_name": "capacity.vm_memory_usage_tag", "values": [], "end_time_usec": 1587769134000000, "sampling_interval_sec": 86400}, {"start_time_usec": 1556150400000000, "field_name": "capacity.vm_io_bully_status", "values": [""], "end_time_usec": 1556150400000000, "sampling_interval_sec": 86400}, {"start_time_usec": 1540681134000000, "field_name": "capacity.controller_write_io_bandwidth_kBps.anomaly_count", "values": [], "end_time_usec": 1587769134000000, "sampling_interval_sec": 86400}, {"start_time_usec": 1540681134000000, "field_name": "capacity.controller_io_bandwidth_kBps.upper_buff", "values": [], "end_time_usec": 1587769134000000, "sampling_interval_sec": 86400}, {"start_time_usec": 1554076800000000, "field_name": "capacity.hypervisor.cpu_ready_time_ppm.upper", "values": [0.0, 0.0, 0.0, 0.0, 0.0, 0.0, 0.0, 0.0, 0.0, 0.0, 0.0, 0.0, 0.0, 0.0, 0.0, 0.0, 0.0, 0.0, 0.0, 0.0, 0.0, 0.0, 0.0, 0.0, 0.0, 0.0, 0.0], "end_time_usec": 1556323200000000, "sampling_interval_sec": 86400}, {"start_time_usec": 1540681134000000, "field_name": "capacity.controller.wss_3600s_write_MB.upper", "values": [], "end_time_usec": 1587769134000000, "sampling_interval_sec": 86400}, {"start_time_usec": 1540681134000000, "field_name": "capacity.is_dead_vm", "values": [], "end_time_usec": 1587769134000000, "sampling_interval_sec": 86400}, {"start_time_usec": 1540681134000000, "field_name": "capacity.controller_read_io_bandwidth_kBps.upper_buff", "values": [], "end_time_usec": 1587769134000000, "sampling_interval_sec": 86400}, {"start_time_usec": 1540681134000000, "field_name": "capacity.controller_write_io_bandwidth_kBps.upper", "values": [], "end_time_usec": 1587769134000000, "sampling_interval_sec": 86400}, {"start_time_usec": 1540681134000000, "field_name": "capacity.controller_num_read_io.upper_buff", "values": [], "end_time_usec": 1587769134000000, "sampling_interval_sec": 86400}, {"start_time_usec": 1540681134000000, "field_name": "capacity.controller.wss_3600s_read_MB.lower_buff", "values": [], "end_time_usec": 1587769134000000, "sampling_interval_sec": 86400}, {"start_time_usec": 1540681134000000, "field_name": "capacity.hypervisor_memory_usage_ppm.lower_buff", "values": [], "end_time_usec": 1587769134000000, "sampling_interval_sec": 86400}, {"start_time_usec": 1540681134000000, "field_name": "capacity.controller_num_io.upper", "values": [], "end_time_usec": 1587769134000000, "sampling_interval_sec": 86400}, {"start_time_usec": 1540681134000000, "field_name": "capacity.controller.wss_120s_write_MB.monthly_effects", "values": [], "end_time_usec": 1587769134000000, "sampling_interval_sec": 86400}, {"start_time_usec": 1540681134000000, "field_name": "capacity.vm_cpu_usage_tag", "values": [], "end_time_usec": 1587769134000000, "sampling_interval_sec": 86400}]}, "name": null, "entity_name": "vm"}