{"entity_type": "alert", "filtered_group_count": 2, "total_entity_count": 22, "filtered_entity_count": 2195, "group_results": [{"entity_results": [{"entity_id": "0142b700-547b-431b-9263-356300da2115", "data": [{"values": [{"values": ["Skipped Replication Of The Snapshot"], "time": 1556780882997764}], "name": "title"}, {"values": [{"values": ["Replication was skipped for protection domain {protection_domain_name} of snapshot {snapshot_name} to remote site {remote_name}. {reason}"], "time": 1556780882997764}], "name": "default_message"}, {"values": [{"values": ["critical"], "time": 1556780882997764}], "name": "severity"}, {"values": [{"values": ["protection_domain_name", "remote_name", "snapshot_name", "reason", "operation_id", "arithmos_id", "", "ncc_version", "nos_version", "remote_site_uuid"], "time": 1556780882997764}], "name": "param_name_list"}, {"values": [{"values": ["AsyncDR", "PHYSICAL_CLUSTER1", "(54650, 1543459929008905, 50576)", "Replication was skipped as a newer Recovery Point was available.", "-1", "AsyncDR", "1556780882644180", "master-6c66ca8a", "5.9.2", "00057bc4-daaa-670a-0f83-0cc47a3a2f8a"], "time": 1556780882997764}], "name": "param_value_list"}, {"values": [{"values": ["1556780882982478"], "time": 1556780882982478}], "name": "_created_timestamp_usecs_"}]}, {"entity_id": "4fb71ce0-a98f-429f-9f6e-14f73274d68b", "data": [{"values": [{"values": ["Skipped Replication Of The Snapshot"], "time": 1556777283148472}], "name": "title"}, {"values": [{"values": ["Replication was skipped for protection domain {protection_domain_name} of snapshot {snapshot_name} to remote site {remote_name}. {reason}"], "time": 1556777283148472}], "name": "default_message"}, {"values": [{"values": ["critical"], "time": 1556777283148472}], "name": "severity"}, {"values": [{"values": ["protection_domain_name", "remote_name", "snapshot_name", "reason", "operation_id", "arithmos_id", "", "ncc_version", "nos_version", "remote_site_uuid"], "time": 1556777283148472}], "name": "param_name_list"}, {"values": [{"values": ["AsyncDR", "PHYSICAL_CLUSTER1", "(54650, 1543459929008905, 50562)", "Replication was skipped as a newer Recovery Point was available.", "-1", "AsyncDR", "1556777282945324", "master-6c66ca8a", "5.9.2", "00057bc4-daaa-670a-0f83-0cc47a3a2f8a"], "time": 1556777283148472}], "name": "param_value_list"}, {"values": [{"values": ["1556777283130876"], "time": 1556777283130876}], "name": "_created_timestamp_usecs_"}]}, {"entity_id": "5ec45881-4bd7-4aad-9869-65dca5f8d922", "data": [{"values": [{"values": ["Skipped Replication Of The Snapshot"], "time": 1556773683283814}], "name": "title"}, {"values": [{"values": ["Replication was skipped for protection domain {protection_domain_name} of snapshot {snapshot_name} to remote site {remote_name}. {reason}"], "time": 1556773683283814}], "name": "default_message"}, {"values": [{"values": ["critical"], "time": 1556773683283814}], "name": "severity"}, {"values": [{"values": ["protection_domain_name", "remote_name", "snapshot_name", "reason", "operation_id", "arithmos_id", "", "ncc_version", "nos_version", "remote_site_uuid"], "time": 1556773683283814}], "name": "param_name_list"}, {"values": [{"values": ["AsyncDR", "PHYSICAL_CLUSTER1", "(54650, 1543459929008905, 50548)", "Replication was skipped as a newer Recovery Point was available.", "-1", "AsyncDR", "1556773682230677", "master-6c66ca8a", "5.9.2", "00057bc4-daaa-670a-0f83-0cc47a3a2f8a"], "time": 1556773683283814}], "name": "param_value_list"}, {"values": [{"values": ["1556773683264929"], "time": 1556773683264929}], "name": "_created_timestamp_usecs_"}]}, {"entity_id": "3d43466d-08b0-455b-a336-7bc3d98d9028", "data": [{"values": [{"values": ["Skipped Replication Of The Snapshot"], "time": 1556770083433379}], "name": "title"}, {"values": [{"values": ["Replication was skipped for protection domain {protection_domain_name} of snapshot {snapshot_name} to remote site {remote_name}. {reason}"], "time": 1556770083433379}], "name": "default_message"}, {"values": [{"values": ["critical"], "time": 1556770083433379}], "name": "severity"}, {"values": [{"values": ["protection_domain_name", "remote_name", "snapshot_name", "reason", "operation_id", "arithmos_id", "", "ncc_version", "nos_version", "remote_site_uuid"], "time": 1556770083433379}], "name": "param_name_list"}, {"values": [{"values": ["AsyncDR", "PHYSICAL_CLUSTER1", "(54650, 1543459929008905, 50534)", "Replication was skipped as a newer Recovery Point was available.", "-1", "AsyncDR", "1556770082536055", "master-6c66ca8a", "5.9.2", "00057bc4-daaa-670a-0f83-0cc47a3a2f8a"], "time": 1556770083433379}], "name": "param_value_list"}, {"values": [{"values": ["1556770083414621"], "time": 1556770083414621}], "name": "_created_timestamp_usecs_"}]}, {"entity_id": "f2669be5-4496-41ba-86ed-baf85ffad325", "data": [{"values": [{"values": ["Skipped Replication Of The Snapshot"], "time": 1556766483597173}], "name": "title"}, {"values": [{"values": ["Replication was skipped for protection domain {protection_domain_name} of snapshot {snapshot_name} to remote site {remote_name}. {reason}"], "time": 1556766483597173}], "name": "default_message"}, {"values": [{"values": ["critical"], "time": 1556766483597173}], "name": "severity"}, {"values": [{"values": ["protection_domain_name", "remote_name", "snapshot_name", "reason", "operation_id", "arithmos_id", "", "ncc_version", "nos_version", "remote_site_uuid"], "time": 1556766483597173}], "name": "param_name_list"}, {"values": [{"values": ["AsyncDR", "PHYSICAL_CLUSTER1", "(54650, 1543459929008905, 50520)", "Replication was skipped as a newer Recovery Point was available.", "-1", "AsyncDR", "1556766482782990", "master-6c66ca8a", "5.9.2", "00057bc4-daaa-670a-0f83-0cc47a3a2f8a"], "time": 1556766483597173}], "name": "param_value_list"}, {"values": [{"values": ["1556766483581128"], "time": 1556766483581128}], "name": "_created_timestamp_usecs_"}]}, {"entity_id": "2d41b802-c5dc-4324-a046-890838f39a7b", "data": [{"values": [{"values": ["Skipped Replication Of The Snapshot"], "time": 1556762882841596}], "name": "title"}, {"values": [{"values": ["Replication was skipped for protection domain {protection_domain_name} of snapshot {snapshot_name} to remote site {remote_name}. {reason}"], "time": 1556762882841596}], "name": "default_message"}, {"values": [{"values": ["critical"], "time": 1556762882841596}], "name": "severity"}, {"values": [{"values": ["protection_domain_name", "remote_name", "snapshot_name", "reason", "operation_id", "arithmos_id", "", "ncc_version", "nos_version", "remote_site_uuid"], "time": 1556762882841596}], "name": "param_name_list"}, {"values": [{"values": ["AsyncDR", "PHYSICAL_CLUSTER1", "(54650, 1543459929008905, 50506)", "Replication was skipped as a newer Recovery Point was available.", "-1", "AsyncDR", "1556762882044636", "master-6c66ca8a", "5.9.2", "00057bc4-daaa-670a-0f83-0cc47a3a2f8a"], "time": 1556762882841596}], "name": "param_value_list"}, {"values": [{"values": ["1556762882825536"], "time": 1556762882825536}], "name": "_created_timestamp_usecs_"}]}, {"entity_id": "e4b1bd59-9230-43dd-a98e-0abab5ff6ad7", "data": [{"values": [{"values": ["Skipped Replication Of The Snapshot"], "time": 1556759282929667}], "name": "title"}, {"values": [{"values": ["Replication was skipped for protection domain {protection_domain_name} of snapshot {snapshot_name} to remote site {remote_name}. {reason}"], "time": 1556759282929667}], "name": "default_message"}, {"values": [{"values": ["critical"], "time": 1556759282929667}], "name": "severity"}, {"values": [{"values": ["protection_domain_name", "remote_name", "snapshot_name", "reason", "operation_id", "arithmos_id", "", "ncc_version", "nos_version", "remote_site_uuid"], "time": 1556759282929667}], "name": "param_name_list"}, {"values": [{"values": ["AsyncDR", "PHYSICAL_CLUSTER1", "(54650, 1543459929008905, 50492)", "Replication was skipped as a newer Recovery Point was available.", "-1", "AsyncDR", "1556759282309532", "master-6c66ca8a", "5.9.2", "00057bc4-daaa-670a-0f83-0cc47a3a2f8a"], "time": 1556759282929667}], "name": "param_value_list"}, {"values": [{"values": ["1556759282909848"], "time": 1556759282909848}], "name": "_created_timestamp_usecs_"}]}, {"entity_id": "befbf544-d4e9-4925-b040-2162eedbde54", "data": [{"values": [{"values": ["Skipped Replication Of The Snapshot"], "time": 1556755683114393}], "name": "title"}, {"values": [{"values": ["Replication was skipped for protection domain {protection_domain_name} of snapshot {snapshot_name} to remote site {remote_name}. {reason}"], "time": 1556755683114393}], "name": "default_message"}, {"values": [{"values": ["critical"], "time": 1556755683114393}], "name": "severity"}, {"values": [{"values": ["protection_domain_name", "remote_name", "snapshot_name", "reason", "operation_id", "arithmos_id", "", "ncc_version", "nos_version", "remote_site_uuid"], "time": 1556755683114393}], "name": "param_name_list"}, {"values": [{"values": ["AsyncDR", "PHYSICAL_CLUSTER1", "(54650, 1543459929008905, 50478)", "Replication was skipped as a newer Recovery Point was available.", "-1", "AsyncDR", "1556755682610723", "master-6c66ca8a", "5.9.2", "00057bc4-daaa-670a-0f83-0cc47a3a2f8a"], "time": 1556755683114393}], "name": "param_value_list"}, {"values": [{"values": ["1556755683102417"], "time": 1556755683102417}], "name": "_created_timestamp_usecs_"}]}, {"entity_id": "64743892-ce6e-47c1-bfa1-6b105104d422", "data": [{"values": [{"values": ["Skipped Replication Of The Snapshot"], "time": 1556752083266035}], "name": "title"}, {"values": [{"values": ["Replication was skipped for protection domain {protection_domain_name} of snapshot {snapshot_name} to remote site {remote_name}. {reason}"], "time": 1556752083266035}], "name": "default_message"}, {"values": [{"values": ["critical"], "time": 1556752083266035}], "name": "severity"}, {"values": [{"values": ["protection_domain_name", "remote_name", "snapshot_name", "reason", "operation_id", "arithmos_id", "", "ncc_version", "nos_version", "remote_site_uuid"], "time": 1556752083266035}], "name": "param_name_list"}, {"values": [{"values": ["AsyncDR", "PHYSICAL_CLUSTER1", "(54650, 1543459929008905, 50464)", "Replication was skipped as a newer Recovery Point was available.", "-1", "AsyncDR", "1556752082929748", "master-6c66ca8a", "5.9.2", "00057bc4-daaa-670a-0f83-0cc47a3a2f8a"], "time": 1556752083266035}], "name": "param_value_list"}, {"values": [{"values": ["1556752083254658"], "time": 1556752083254658}], "name": "_created_timestamp_usecs_"}]}, {"entity_id": "fd72534a-a1eb-4a26-9284-cd3230da8781", "data": [{"values": [{"values": ["Skipped Replication Of The Snapshot"], "time": 1556748483433350}], "name": "title"}, {"values": [{"values": ["Replication was skipped for protection domain {protection_domain_name} of snapshot {snapshot_name} to remote site {remote_name}. {reason}"], "time": 1556748483433350}], "name": "default_message"}, {"values": [{"values": ["critical"], "time": 1556748483433350}], "name": "severity"}, {"values": [{"values": ["protection_domain_name", "remote_name", "snapshot_name", "reason", "operation_id", "arithmos_id", "", "ncc_version", "nos_version", "remote_site_uuid"], "time": 1556748483433350}], "name": "param_name_list"}, {"values": [{"values": ["AsyncDR", "PHYSICAL_CLUSTER1", "(54650, 1543459929008905, 50450)", "Replication was skipped as a newer Recovery Point was available.", "-1", "AsyncDR", "1556748482397576", "master-6c66ca8a", "5.9.2", "00057bc4-daaa-670a-0f83-0cc47a3a2f8a"], "time": 1556748483433350}], "name": "param_value_list"}, {"values": [{"values": ["1556748483419087"], "time": 1556748483419087}], "name": "_created_timestamp_usecs_"}]}], "group_by_column_value": "critical", "total_entity_count": 22, "group_summaries": {}}, {"entity_results": [{"entity_id": "a9059be2-768b-4037-9b70-238dce494cf2", "data": [{"values": [{"values": ["External Client Authentication"], "time": 1556780343111489}], "name": "title"}, {"values": [{"values": ["External Client Authentication: IP {client_ip_address} is authenticating to the REST API with the admin user."], "time": 1556780343111489}], "name": "default_message"}, {"values": [{"values": ["warning"], "time": 1556780343111489}], "name": "severity"}, {"values": [{"values": ["cluster_uuid", "client_ip_address", "", "arithmos_id", "ncc_version", "nos_version"], "time": 1556780343111489}], "name": "param_name_list"}, {"values": [{"values": ["95bd3289-7c04-4ecb-b33c-ee94d988aa22", "10.40.34.105", "10.40.34.105", "95bd3289-7c04-4ecb-b33c-ee94d988aa22", "3.7.1-5802a80e", "5.11"], "time": 1556780343111489}], "name": "param_value_list"}, {"values": [{"values": ["1556767228271897"], "time": 1556767228271897}], "name": "_created_timestamp_usecs_"}]}, {"entity_id": "32676aa3-8fe0-4776-a352-bcd18971a5ed", "data": [{"values": [{"values": ["External Client Authentication"], "time": 1556776767155827}], "name": "title"}, {"values": [{"values": ["External Client Authentication: IP {client_ip_address} is authenticating to the REST API with the admin user."], "time": 1556776767155827}], "name": "default_message"}, {"values": [{"values": ["warning"], "time": 1556776767155827}], "name": "severity"}, {"values": [{"values": ["cluster_uuid", "client_ip_address", "", "arithmos_id", "ncc_version", "nos_version"], "time": 1556776767155827}], "name": "param_name_list"}, {"values": [{"values": ["95bd3289-7c04-4ecb-b33c-ee94d988aa22", "10.40.35.186", "10.40.35.186", "95bd3289-7c04-4ecb-b33c-ee94d988aa22", "3.7.1-5802a80e", "5.11"], "time": 1556776767155827}], "name": "param_value_list"}, {"values": [{"values": ["1556753455234928"], "time": 1556753455234928}], "name": "_created_timestamp_usecs_"}]}, {"entity_id": "b9a079f1-a182-4033-ad12-dedab982e41a", "data": [{"values": [{"values": ["PE-PC Connection Failure"], "time": 1556584214813498}], "name": "title"}, {"values": [{"values": ["The remote {remote_vm_type} {cluster_ip} is unreachable."], "time": 1556584214813498}], "name": "default_message"}, {"values": [{"values": ["warning"], "time": 1556584214813498}], "name": "severity"}, {"values": [{"values": ["connection_uuid", "", "cluster_ip", "remote_vm_type", "reason", "arithmos_id", "ncc_version", "nos_version", "cluster_id", "cluster_uuid"], "time": 1556584214813498}], "name": "param_name_list"}, {"values": [{"values": ["f3ff2e69-0b98-50c4-a098-b0e357878af1", "f3ff2e69-0b98-50c4-a098-b0e357878af1", "10.53.56.15", "PC", "[{'message': 'Ping request failed.', 'reason': 'REQUESTS_CONNECTION_ERROR'}]", "54650", "master-6c66ca8a", "5.9.2", "54650", "00057bc4-c4cb-2b09-0000-00000000d57a"], "time": 1556584214813498}], "name": "param_value_list"}, {"values": [{"values": ["1556580636426319"], "time": 1556580636426319}], "name": "_created_timestamp_usecs_"}]}, {"entity_id": "5f51904d-1e2f-41b1-be81-67bd5c2e5fdd", "data": [{"values": [{"values": ["External Client Authentication"], "time": 1555465129551678}], "name": "title"}, {"values": [{"values": ["External Client Authentication: IP {client_ip_address} is authenticating to the REST API with the admin user."], "time": 1555465129551678}], "name": "default_message"}, {"values": [{"values": ["warning"], "time": 1555465129551678}], "name": "severity"}, {"values": [{"values": ["cluster_uuid", "client_ip_address", "", "arithmos_id", "ncc_version", "nos_version"], "time": 1555465129551678}], "name": "param_name_list"}, {"values": [{"values": ["95bd3289-7c04-4ecb-b33c-ee94d988aa22", "10.40.34.80", "10.40.34.80", "95bd3289-7c04-4ecb-b33c-ee94d988aa22", "3.7.1-5802a80e", "5.11"], "time": 1555465129551678}], "name": "param_value_list"}, {"values": [{"values": ["1555465129524991"], "time": 1555465129524991}], "name": "_created_timestamp_usecs_"}]}, {"entity_id": "fa70fc81-11e6-47fd-9549-5891751061ff", "data": [{"values": [{"values": ["External Client Authentication"], "time": 1554937674700256}], "name": "title"}, {"values": [{"values": ["External Client Authentication: IP {client_ip_address} is authenticating to the REST API with the admin user."], "time": 1554937674700256}], "name": "default_message"}, {"values": [{"values": ["warning"], "time": 1554937674700256}], "name": "severity"}, {"values": [{"values": ["cluster_uuid", "client_ip_address", "", "arithmos_id", "ncc_version", "nos_version"], "time": 1554937674700256}], "name": "param_name_list"}, {"values": [{"values": ["95bd3289-7c04-4ecb-b33c-ee94d988aa22", "10.1.141.153", "10.1.141.153", "95bd3289-7c04-4ecb-b33c-ee94d988aa22", "3.7.1-5802a80e", "5.11"], "time": 1554937674700256}], "name": "param_value_list"}, {"values": [{"values": ["1554932472819664"], "time": 1554932472819664}], "name": "_created_timestamp_usecs_"}]}, {"entity_id": "26fe874a-e710-42eb-8613-378736cca1a9", "data": [{"values": [{"values": ["HA Healing Failure"], "time": 1554755664701129}], "name": "title"}, {"values": [{"values": ["Could not restore VM High Availability."], "time": 1554755664701129}], "name": "default_message"}, {"values": [{"values": ["warning"], "time": 1554755664701129}], "name": "severity"}, {"values": [{"values": ["timestamp_csecs", "", "arithmos_id", "ncc_version", "nos_version", "cluster_id", "cluster_uuid"], "time": 1554755664701129}], "name": "param_name_list"}, {"values": [{"values": ["155475566457", "155475566457", "54650", "master-6c66ca8a", "5.9.2", "54650", "00057bc4-c4cb-2b09-0000-00000000d57a"], "time": 1554755664701129}], "name": "param_value_list"}, {"values": [{"values": ["1554755664634623"], "time": 1554755664634623}], "name": "_created_timestamp_usecs_"}]}, {"entity_id": "91dce7b4-70c9-4bea-aac8-fdd86f4b80bc", "data": [{"values": [{"values": ["HA Healing Failure"], "time": 1554755586573910}], "name": "title"}, {"values": [{"values": ["Could not restore VM High Availability."], "time": 1554755586573910}], "name": "default_message"}, {"values": [{"values": ["warning"], "time": 1554755586573910}], "name": "severity"}, {"values": [{"values": ["timestamp_csecs", "", "arithmos_id", "ncc_version", "nos_version", "cluster_id", "cluster_uuid"], "time": 1554755586573910}], "name": "param_name_list"}, {"values": [{"values": ["155475558647", "155475558647", "54650", "master-6c66ca8a", "5.9.2", "54650", "00057bc4-c4cb-2b09-0000-00000000d57a"], "time": 1554755586573910}], "name": "param_value_list"}, {"values": [{"values": ["1554755586504816"], "time": 1554755586504816}], "name": "_created_timestamp_usecs_"}]}, {"entity_id": "8c25f9dd-3d27-4ea5-ab01-47ff62c89a62", "data": [{"values": [{"values": ["Vm High Availability Failure"], "time": 1554755617740860}], "name": "title"}, {"values": [{"values": ["VMs are no longer protected against host failure. Reason: {reason}"], "time": 1554755617740860}], "name": "default_message"}, {"values": [{"values": ["warning"], "time": 1554755617740860}], "name": "severity"}, {"values": [{"values": ["reason", "timestamp_days", "", "arithmos_id", "ncc_version", "nos_version", "cluster_id", "cluster_uuid"], "time": 1554755617740860}], "name": "param_name_list"}, {"values": [{"values": ["Could not reserve resources to protect against 1 host failures!", "17994", "17994", "54650", "master-6c66ca8a", "5.9.2", "54650", "00057bc4-c4cb-2b09-0000-00000000d57a"], "time": 1554755617740860}], "name": "param_value_list"}, {"values": [{"values": ["1554755522819896"], "time": 1554755522819896}], "name": "_created_timestamp_usecs_"}]}, {"entity_id": "7afc4293-97e9-426c-9c65-146afd02222d", "data": [{"values": [{"values": ["External Client Authentication"], "time": 1554755219201416}], "name": "title"}, {"values": [{"values": ["External Client Authentication: IP {client_ip_address} is authenticating to the REST API with the admin user."], "time": 1554755219201416}], "name": "default_message"}, {"values": [{"values": ["warning"], "time": 1554755219201416}], "name": "severity"}, {"values": [{"values": ["cluster_uuid", "client_ip_address", "", "arithmos_id", "ncc_version", "nos_version"], "time": 1554755219201416}], "name": "param_name_list"}, {"values": [{"values": ["95bd3289-7c04-4ecb-b33c-ee94d988aa22", "10.46.210.100", "10.46.210.100", "95bd3289-7c04-4ecb-b33c-ee94d988aa22", "3.7.1-20284b13", "5.11"], "time": 1554755219201416}], "name": "param_value_list"}, {"values": [{"values": ["1554755217392119"], "time": 1554755217392119}], "name": "_created_timestamp_usecs_"}]}, {"entity_id": "e25b54d6-0de7-47ae-bcc3-2d70f39c18c1", "data": [{"values": [{"values": ["SMTP Error in Controller VM {ip_address}"], "time": 1556780883653674}], "name": "title"}, {"values": [{"values": ["Failed to send email from Controller VM {ip_address} via {smtp_host} due to error: {error}."], "time": 1556780883653674}], "name": "default_message"}, {"values": [{"values": ["warning"], "time": 1556780883653674}], "name": "severity"}, {"values": [{"values": ["ip_address", "smtp_host", "", "smtp_port", "error", "arithmos_id", "ncc_version", "nos_version", "cluster_uuid", "service_vm_id", "node_serial", "block_serial"], "time": 1556780883653674}], "name": "param_name_list"}, {"values": [{"values": ["10.53.56.15", "Nutanix Email Server", "Nutanix Email Server", "2525", "Connection refused", "95bd3289-7c04-4ecb-b33c-ee94d988aa22", "3.7.1-20284b13", "5.11", "95bd3289-7c04-4ecb-b33c-ee94d988aa22", "2", "10-53-56-15", "null"], "time": 1556780883653674}], "name": "param_value_list"}, {"values": [{"values": ["1554509825056941"], "time": 1554509825056941}], "name": "_created_timestamp_usecs_"}]}], "group_by_column_value": "warning", "total_entity_count": 21, "group_summaries": {}}], "total_group_count": 2}