{
  "entity_type": "alert",
  "filtered_group_count": 1,
  "total_entity_count": 22,
  "group_results": [{
    "entity_results": [{
      "entity_id": "f1009c12-204a-4dd5-8c80-448447bd39f7",
      "data": [{
        "values": [{
          "values": ["SQL server query average latency high"],
          "time": 1555736157607545
        }],
        "name": "title"
      }, {
        "values": [{
          "values": ["OnlineStore_SQL_Server1"],
          "time": 1556776767155827
        }],
        "name": "source_entity_name"
      }, {
        "values": [{
          "values": ["SystemIndicator"],
          "time": 1555736157607545
        }],
        "name": "primary_impact_type"
      }, {
        "values": [{
          "values": ["critical"],
          "time": 1555736157607545
        }],
        "name": "severity"
      }, {
        "values": [],
        "name": "status"
      }, {
        "values": [{
          "values": ["1557302889510000"],
          "time": 1555727699951125
        }],
        "name": "_created_timestamp_usecs_"
      }, {
        "values": [{
          "values": ["1557302889510000"],
          "time": 1555736157607545
        }],
        "name": "last_occurred_timestamp_usecs"
      }, {
        "values": [{
          "values": ["d4455271-ca28-4876-a7ff-3c056059dd3d"],
          "time": 1555736157607545
        }],
        "name": "cluster"
      }, {
        "values": [{
          "values": ["File server {file_server_name} cannot connect with AD server"],
          "time": 1555736157607545
        }],
        "name": "default_message"
      }, {
        "values": [{
          "values": ["file_server_uuid", "file_server_name", "arithmos_id", "ncc_version", "nos_version"],
          "time": 1555736157607545
        }],
        "name": "param_name_list"
      }, {
        "values": [{
          "values": ["27bc9295-bf32-4dfd-b412-a76625151d2a", "marketing", "27bc9295-bf32-4dfd-b412-a76625151d2a", "master-64552438", "el7.3-release-master-64552438ebc17a3b8156a1ae3d317b5aeae881b0"],
          "time": 1555736157607545
        }],
        "name": "param_value_list"
      }, {
        "values": [{
          "values": ["false"],
          "time": 1555736157607545
        }],
        "name": "auto_resolved"
      }, {
        "values": [{
          "values": ["false"],
          "time": 1555736157607545
        }],
        "name": "acknowledged"
      }, {
        "values": [],
        "name": "acknowledging_user"
      }, {
        "values": [],
        "name": "acknowledged_timestamp_usecs"
      }, {
        "values": [{
          "values": ["false"],
          "time": 1555736157607545
        }],
        "name": "resolved"
      }, {
        "values": [],
        "name": "resolving_user"
      }, {
        "values": [],
        "name": "resolved_timestamp_usecs"
      }, {
         "values": [{
          "values": ["d4455271-ca28-4876-a7ff-3c056059dd3d"],
          "time": 1556776767155827
        }],
        "name": "source_entity_uuid"
      }, {
        "values": [{
          "values": ["vm"],
          "time": 1556776767155827
        }],
        "name": "source_entity_type"
      }, {
        "values": [{
          "values": ["SystemIndicator"],
          "time": 1555736157607545
        }],
        "name": "impact_type"
      }]
    }, {
      "entity_id": "32676aa3-8fe0-4776-a352-bcd18971a5ed",
      "data": [{
        "values": [{
          "values": ["External Client Authentication"],
          "time": 1556776767155827
        }],
        "name": "title"
      }, {
        "values": [{
          "values": ["Prism Central"],
          "time": 1556776767155827
        }],
        "name": "source_entity_name"
      }, {
        "values": [],
        "name": "impact_type"
      }, {
        "values": [{
          "values": ["critical"],
          "time": 1556776767155827
        }],
        "name": "severity"
      }, {
        "values": [{
          "values": ["false"],
          "time": 1556776767155827
        }],
        "name": "resolved"
      }, {
        "values": [{
          "values": ["false"],
          "time": 1556776767155827
        }],
        "name": "acknowledged"
      }, {
        "values": [{
          "values": ["1556753455234928"],
          "time": 1556753455234928
        }],
        "name": "_created_timestamp_usecs_"
      }, {
         "values": [{
          "values": ["d4455271-ca28-4876-a7ff-3c056059dd3d"],
          "time": 1555736157607545
        }],
        "name": "cluster"
      }, {
        "values": [{
          "values": ["External Client Authentication: IP {client_ip_address} is authenticating to the REST API with the admin user."],
          "time": 1556776767155827
        }],
        "name": "default_message"
      }, {
        "values": [{
          "values": ["cluster_uuid", "client_ip_address", "", "arithmos_id", "ncc_version", "nos_version"],
          "time": 1556776767155827
        }],
        "name": "param_name_list"
      }, {
        "values": [{
          "values": ["d4455271-ca28-4876-a7ff-3c056059dd3d", "10.40.35.186", "10.40.35.186", "d4455271-ca28-4876-a7ff-3c056059dd3d", "3.7.1-5802a80e", "5.11"],
          "time": 1556776767155827
        }],
        "name": "param_value_list"
      }, {
        "values": [{
          "values": ["false"],
          "time": 1556776767155827
        }],
        "name": "auto_resolved"
      }, {
        "values": [],
        "name": "acknowledging_user"
      }, {
        "values": [],
        "name": "acknowledged_timestamp_usecs"
      }, {
        "values": [],
        "name": "resolving_user"
      }, {
        "values": [],
        "name": "resolved_timestamp_usecs"
      }, {
        "values": [{
          "values": ["d4455271-ca28-4876-a7ff-3c056059dd3d"],
          "time": 1556776767155827
        }],
        "name": "source_entity_uuid"
      }, {
        "values": [{
          "values": ["cluster"],
          "time": 1556776767155827
        }],
        "name": "source_entity_type"
      }]
    }, {
      "entity_id": "b9a079f1-a182-4033-ad12-dedab982e41a",
      "data": [{
        "values": [{
          "values": ["PE-PC Connection Failure"],
          "time": 1556584214813498
        }],
        "name": "title"
      }, {
        "values": [],
        "name": "source_entity_name"
      }, {
        "values": [{
          "values": ["SystemIndicator"],
          "time": 1556584214813498
        }],
        "name": "impact_type"
      }, {
        "values": [{
          "values": ["critical"],
          "time": 1556584214813498
        }],
        "name": "severity"
      }, {
        "values": [{
          "values": ["false"],
          "time": 1556584214813498
        }],
        "name": "resolved"
      }, {
        "values": [{
          "values": ["false"],
          "time": 1556584214813498
        }],
        "name": "acknowledged"
      }, {
        "values": [{
          "values": ["1556580636426319"],
          "time": 1556580636426319
        }],
        "name": "_created_timestamp_usecs_"
      }, {
         "values": [{
          "values": ["d4455271-ca28-4876-a7ff-3c056059dd3d"],
          "time": 1555736157607545
        }],
        "name": "cluster"
      }, {
        "values": [{
          "values": ["The remote {remote_vm_type} {cluster_ip} is unreachable."],
          "time": 1556584214813498
        }],
        "name": "default_message"
      }, {
        "values": [{
          "values": ["connection_uuid", "", "cluster_ip", "remote_vm_type", "reason", "arithmos_id", "ncc_version", "nos_version", "cluster_id", "cluster_uuid"],
          "time": 1556584214813498
        }],
        "name": "param_name_list"
      }, {
        "values": [{
          "values": ["f3ff2e69-0b98-50c4-a098-b0e357878af1", "f3ff2e69-0b98-50c4-a098-b0e357878af1", "10.53.56.15", "PC", "[{'message': 'Ping request failed.', 'reason': 'REQUESTS_CONNECTION_ERROR'}]", "54650", "master-6c66ca8a", "5.9.2", "54650", "00057bc4-c4cb-2b09-0000-00000000d57a"],
          "time": 1556584214813498
        }],
        "name": "param_value_list"
      }, {
        "values": [{
          "values": ["false"],
          "time": 1556584214813498
        }],
        "name": "auto_resolved"
      }, {
        "values": [],
        "name": "acknowledging_user"
      }, {
        "values": [],
        "name": "acknowledged_timestamp_usecs"
      }, {
        "values": [],
        "name": "resolving_user"
      }, {
        "values": [],
        "name": "resolved_timestamp_usecs"
      }, {
        "values": [],
        "name": "source_entity_uuid"
      }, {
        "values": [],
        "name": "source_entity_type"
      }]
    }, {
      "entity_id": "5f51904d-1e2f-41b1-be81-67bd5c2e5fdd",
      "data": [{
        "values": [{
          "values": ["External Client Authentication"],
          "time": 1555465129551678
        }],
        "name": "title"
      }, {
        "values": [{
          "values": ["Prism Central"],
          "time": 1555465129551678
        }],
        "name": "source_entity_name"
      }, {
        "values": [],
        "name": "impact_type"
      }, {
        "values": [{
          "values": ["critical"],
          "time": 1555465129551678
        }],
        "name": "severity"
      }, {
        "values": [{
          "values": ["false"],
          "time": 1555465129551678
        }],
        "name": "resolved"
      }, {
        "values": [{
          "values": ["false"],
          "time": 1555465129551678
        }],
        "name": "acknowledged"
      }, {
        "values": [{
          "values": ["1555465129524991"],
          "time": 1555465129524991
        }],
        "name": "_created_timestamp_usecs_"
      }, {
        "values": [{
          "values": ["d4455271-ca28-4876-a7ff-3c056059dd3d"],
          "time": 1555465129551678
        }],
        "name": "cluster"
      }, {
        "values": [{
          "values": ["External Client Authentication: IP {client_ip_address} is authenticating to the REST API with the admin user."],
          "time": 1555465129551678
        }],
        "name": "default_message"
      }, {
        "values": [{
          "values": ["cluster_uuid", "client_ip_address", "", "arithmos_id", "ncc_version", "nos_version"],
          "time": 1555465129551678
        }],
        "name": "param_name_list"
      }, {
        "values": [{
          "values": ["d4455271-ca28-4876-a7ff-3c056059dd3d", "10.40.34.80", "10.40.34.80", "d4455271-ca28-4876-a7ff-3c056059dd3d", "3.7.1-5802a80e", "5.11"],
          "time": 1555465129551678
        }],
        "name": "param_value_list"
      }, {
        "values": [{
          "values": ["false"],
          "time": 1555465129551678
        }],
        "name": "auto_resolved"
      }, {
        "values": [],
        "name": "acknowledging_user"
      }, {
        "values": [],
        "name": "acknowledged_timestamp_usecs"
      }, {
        "values": [],
        "name": "resolving_user"
      }, {
        "values": [],
        "name": "resolved_timestamp_usecs"
      }, {
        "values": [{
          "values": ["d4455271-ca28-4876-a7ff-3c056059dd3d"],
          "time": 1555465129551678
        }],
        "name": "source_entity_uuid"
      }, {
        "values": [{
          "values": ["cluster"],
          "time": 1555465129551678
        }],
        "name": "source_entity_type"
      }]
    }, {
      "entity_id": "fa70fc81-11e6-47fd-9549-5891751061ff",
      "data": [{
        "values": [{
          "values": ["External Client Authentication"],
          "time": 1554937674700256
        }],
        "name": "title"
      }, {
        "values": [{
          "values": ["Prism Central"],
          "time": 1554937674700256
        }],
        "name": "source_entity_name"
      }, {
        "values": [],
        "name": "impact_type"
      }, {
        "values": [{
          "values": ["critical"],
          "time": 1554937674700256
        }],
        "name": "severity"
      }, {
        "values": [{
          "values": ["false"],
          "time": 1554937674700256
        }],
        "name": "resolved"
      }, {
        "values": [{
          "values": ["false"],
          "time": 1554937674700256
        }],
        "name": "acknowledged"
      }, {
        "values": [{
          "values": ["1554932472819664"],
          "time": 1554932472819664
        }],
        "name": "_created_timestamp_usecs_"
      }, {
        "values": [{
          "values": ["d4455271-ca28-4876-a7ff-3c056059dd3d"],
          "time": 1554937674700256
        }],
        "name": "cluster"
      }, {
        "values": [{
          "values": ["External Client Authentication: IP {client_ip_address} is authenticating to the REST API with the admin user."],
          "time": 1554937674700256
        }],
        "name": "default_message"
      }, {
        "values": [{
          "values": ["cluster_uuid", "client_ip_address", "", "arithmos_id", "ncc_version", "nos_version"],
          "time": 1554937674700256
        }],
        "name": "param_name_list"
      }, {
        "values": [{
          "values": ["d4455271-ca28-4876-a7ff-3c056059dd3d", "10.1.141.153", "10.1.141.153", "d4455271-ca28-4876-a7ff-3c056059dd3d", "3.7.1-5802a80e", "5.11"],
          "time": 1554937674700256
        }],
        "name": "param_value_list"
      }, {
        "values": [{
          "values": ["false"],
          "time": 1554937674700256
        }],
        "name": "auto_resolved"
      }, {
        "values": [],
        "name": "acknowledging_user"
      }, {
        "values": [],
        "name": "acknowledged_timestamp_usecs"
      }, {
        "values": [],
        "name": "resolving_user"
      }, {
        "values": [],
        "name": "resolved_timestamp_usecs"
      }, {
        "values": [{
          "values": ["d4455271-ca28-4876-a7ff-3c056059dd3d"],
          "time": 1554937674700256
        }],
        "name": "source_entity_uuid"
      }, {
        "values": [{
          "values": ["cluster"],
          "time": 1554937674700256
        }],
        "name": "source_entity_type"
      }]
    }, {
      "entity_id": "26fe874a-e710-42eb-8613-378736cca1a9",
      "data": [{
        "values": [{
          "values": ["HA Healing Failure"],
          "time": 1554755664701129
        }],
        "name": "title"
      }, {
        "values": [],
        "name": "source_entity_name"
      }, {
        "values": [{
          "values": ["SystemIndicator"],
          "time": 1554755664701129
        }],
        "name": "impact_type"
      }, {
        "values": [{
          "values": ["critical"],
          "time": 1554755664701129
        }],
        "name": "severity"
      }, {
        "values": [{
          "values": ["false"],
          "time": 1554755664701129
        }],
        "name": "resolved"
      }, {
        "values": [{
          "values": ["false"],
          "time": 1554755664701129
        }],
        "name": "acknowledged"
      }, {
        "values": [{
          "values": ["1554755664634623"],
          "time": 1554755664634623
        }],
        "name": "_created_timestamp_usecs_"
      }, {
        "values": [{
          "values": ["00057bc4-c4cb-2b09-0000-00000000d57a"],
          "time": 1554755664701129
        }],
        "name": "cluster"
      }, {
        "values": [{
          "values": ["Could not restore VM High Availability."],
          "time": 1554755664701129
        }],
        "name": "default_message"
      }, {
        "values": [{
          "values": ["timestamp_csecs", "", "arithmos_id", "ncc_version", "nos_version", "cluster_id", "cluster_uuid"],
          "time": 1554755664701129
        }],
        "name": "param_name_list"
      }, {
        "values": [{
          "values": ["155475566457", "155475566457", "54650", "master-6c66ca8a", "5.9.2", "54650", "00057bc4-c4cb-2b09-0000-00000000d57a"],
          "time": 1554755664701129
        }],
        "name": "param_value_list"
      }, {
        "values": [{
          "values": ["false"],
          "time": 1554755664701129
        }],
        "name": "auto_resolved"
      }, {
        "values": [],
        "name": "acknowledging_user"
      }, {
        "values": [],
        "name": "acknowledged_timestamp_usecs"
      }, {
        "values": [],
        "name": "resolving_user"
      }, {
        "values": [],
        "name": "resolved_timestamp_usecs"
      }, {
        "values": [],
        "name": "source_entity_uuid"
      }, {
        "values": [],
        "name": "source_entity_type"
      }]
    }, {
      "entity_id": "91dce7b4-70c9-4bea-aac8-fdd86f4b80bc",
      "data": [{
        "values": [{
          "values": ["HA Healing Failure"],
          "time": 1554755586573910
        }],
        "name": "title"
      }, {
        "values": [],
        "name": "source_entity_name"
      }, {
        "values": [{
          "values": ["SystemIndicator"],
          "time": 1554755586573910
        }],
        "name": "impact_type"
      }, {
        "values": [{
          "values": ["critical"],
          "time": 1554755586573910
        }],
        "name": "severity"
      }, {
        "values": [{
          "values": ["false"],
          "time": 1554755586573910
        }],
        "name": "resolved"
      }, {
        "values": [{
          "values": ["false"],
          "time": 1554755586573910
        }],
        "name": "acknowledged"
      }, {
        "values": [{
          "values": ["1554755586504816"],
          "time": 1554755586504816
        }],
        "name": "_created_timestamp_usecs_"
      }, {
        "values": [{
          "values": ["00057bc4-c4cb-2b09-0000-00000000d57a"],
          "time": 1554755586573910
        }],
        "name": "cluster"
      }, {
        "values": [{
          "values": ["Could not restore VM High Availability."],
          "time": 1554755586573910
        }],
        "name": "default_message"
      }, {
        "values": [{
          "values": ["timestamp_csecs", "", "arithmos_id", "ncc_version", "nos_version", "cluster_id", "cluster_uuid"],
          "time": 1554755586573910
        }],
        "name": "param_name_list"
      }, {
        "values": [{
          "values": ["155475558647", "155475558647", "54650", "master-6c66ca8a", "5.9.2", "54650", "00057bc4-c4cb-2b09-0000-00000000d57a"],
          "time": 1554755586573910
        }],
        "name": "param_value_list"
      }, {
        "values": [{
          "values": ["false"],
          "time": 1554755586573910
        }],
        "name": "auto_resolved"
      }, {
        "values": [],
        "name": "acknowledging_user"
      }, {
        "values": [],
        "name": "acknowledged_timestamp_usecs"
      }, {
        "values": [],
        "name": "resolving_user"
      }, {
        "values": [],
        "name": "resolved_timestamp_usecs"
      }, {
        "values": [],
        "name": "source_entity_uuid"
      }, {
        "values": [],
        "name": "source_entity_type"
      }]
    }, {
      "entity_id": "8c25f9dd-3d27-4ea5-ab01-47ff62c89a62",
      "data": [{
        "values": [{
          "values": ["Vm High Availability Failure"],
          "time": 1554755617740860
        }],
        "name": "title"
      }, {
        "values": [],
        "name": "source_entity_name"
      }, {
        "values": [{
          "values": ["SystemIndicator"],
          "time": 1554755617740860
        }],
        "name": "impact_type"
      }, {
        "values": [{
          "values": ["critical"],
          "time": 1554755617740860
        }],
        "name": "severity"
      }, {
        "values": [{
          "values": ["false"],
          "time": 1554755617740860
        }],
        "name": "resolved"
      }, {
        "values": [{
          "values": ["false"],
          "time": 1554755617740860
        }],
        "name": "acknowledged"
      }, {
        "values": [{
          "values": ["1554755522819896"],
          "time": 1554755522819896
        }],
        "name": "_created_timestamp_usecs_"
      }, {
        "values": [{
          "values": ["00057bc4-c4cb-2b09-0000-00000000d57a"],
          "time": 1554755617740860
        }],
        "name": "cluster"
      }, {
        "values": [{
          "values": ["VMs are no longer protected against host failure. Reason: {reason}"],
          "time": 1554755617740860
        }],
        "name": "default_message"
      }, {
        "values": [{
          "values": ["reason", "timestamp_days", "", "arithmos_id", "ncc_version", "nos_version", "cluster_id", "cluster_uuid"],
          "time": 1554755617740860
        }],
        "name": "param_name_list"
      }, {
        "values": [{
          "values": ["Could not reserve resources to protect against 1 host failures!", "17994", "17994", "54650", "master-6c66ca8a", "5.9.2", "54650", "00057bc4-c4cb-2b09-0000-00000000d57a"],
          "time": 1554755617740860
        }],
        "name": "param_value_list"
      }, {
        "values": [{
          "values": ["false"],
          "time": 1554755617740860
        }],
        "name": "auto_resolved"
      }, {
        "values": [],
        "name": "acknowledging_user"
      }, {
        "values": [],
        "name": "acknowledged_timestamp_usecs"
      }, {
        "values": [],
        "name": "resolving_user"
      }, {
        "values": [],
        "name": "resolved_timestamp_usecs"
      }, {
        "values": [],
        "name": "source_entity_uuid"
      }, {
        "values": [],
        "name": "source_entity_type"
      }]
    }, {
      "entity_id": "7afc4293-97e9-426c-9c65-146afd02222d",
      "data": [{
        "values": [{
          "values": ["External Client Authentication"],
          "time": 1554755219201416
        }],
        "name": "title"
      }, {
        "values": [{
          "values": ["Prism Central"],
          "time": 1554755219201416
        }],
        "name": "source_entity_name"
      }, {
        "values": [],
        "name": "impact_type"
      }, {
        "values": [{
          "values": ["critical"],
          "time": 1554755219201416
        }],
        "name": "severity"
      }, {
        "values": [{
          "values": ["false"],
          "time": 1554755219201416
        }],
        "name": "resolved"
      }, {
        "values": [{
          "values": ["false"],
          "time": 1554755219201416
        }],
        "name": "acknowledged"
      }, {
        "values": [{
          "values": ["1554755217392119"],
          "time": 1554755217392119
        }],
        "name": "_created_timestamp_usecs_"
      }, {
        "values": [{
          "values": ["d4455271-ca28-4876-a7ff-3c056059dd3d"],
          "time": 1554755219201416
        }],
        "name": "cluster"
      }, {
        "values": [{
          "values": ["External Client Authentication: IP {client_ip_address} is authenticating to the REST API with the admin user."],
          "time": 1554755219201416
        }],
        "name": "default_message"
      }, {
        "values": [{
          "values": ["cluster_uuid", "client_ip_address", "", "arithmos_id", "ncc_version", "nos_version"],
          "time": 1554755219201416
        }],
        "name": "param_name_list"
      }, {
        "values": [{
          "values": ["d4455271-ca28-4876-a7ff-3c056059dd3d", "10.46.210.100", "10.46.210.100", "d4455271-ca28-4876-a7ff-3c056059dd3d", "3.7.1-20284b13", "5.11"],
          "time": 1554755219201416
        }],
        "name": "param_value_list"
      }, {
        "values": [{
          "values": ["false"],
          "time": 1554755219201416
        }],
        "name": "auto_resolved"
      }, {
        "values": [],
        "name": "acknowledging_user"
      }, {
        "values": [],
        "name": "acknowledged_timestamp_usecs"
      }, {
        "values": [],
        "name": "resolving_user"
      }, {
        "values": [],
        "name": "resolved_timestamp_usecs"
      }, {
        "values": [{
          "values": ["d4455271-ca28-4876-a7ff-3c056059dd3d"],
          "time": 1554755219201416
        }],
        "name": "source_entity_uuid"
      }, {
        "values": [{
          "values": ["cluster"],
          "time": 1554755219201416
        }],
        "name": "source_entity_type"
      }]
    }, {
      "entity_id": "e25b54d6-0de7-47ae-bcc3-2d70f39c18c1",
      "data": [{
        "values": [{
          "values": ["SMTP Error in Controller VM {ip_address}"],
          "time": 1556782924132718
        }],
        "name": "title"
      }, {
        "values": [{
          "values": ["Prism Central"],
          "time": 1556782924132718
        }],
        "name": "source_entity_name"
      }, {
        "values": [{
          "values": ["Configuration"],
          "time": 1556782924132718
        }],
        "name": "impact_type"
      }, {
        "values": [{
          "values": ["critical"],
          "time": 1556782924132718
        }],
        "name": "severity"
      }, {
        "values": [{
          "values": ["false"],
          "time": 1556782924132718
        }],
        "name": "resolved"
      }, {
        "values": [{
          "values": ["false"],
          "time": 1556782924132718
        }],
        "name": "acknowledged"
      }, {
        "values": [{
          "values": ["1554509825056941"],
          "time": 1554509825056941
        }],
        "name": "_created_timestamp_usecs_"
      }, {
        "values": [{
          "values": ["d4455271-ca28-4876-a7ff-3c056059dd3d"],
          "time": 1556782924132718
        }],
        "name": "cluster"
      }, {
        "values": [{
          "values": ["Failed to send email from Controller VM {ip_address} via {smtp_host} due to error: {error}."],
          "time": 1556782924132718
        }],
        "name": "default_message"
      }, {
        "values": [{
          "values": ["ip_address", "smtp_host", "", "smtp_port", "error", "arithmos_id", "ncc_version", "nos_version", "cluster_uuid", "service_vm_id", "node_serial", "block_serial"],
          "time": 1556782924132718
        }],
        "name": "param_name_list"
      }, {
        "values": [{
          "values": ["10.53.56.15", "Nutanix Email Server", "Nutanix Email Server", "2525", "Connection refused", "d4455271-ca28-4876-a7ff-3c056059dd3d", "3.7.1-20284b13", "5.11", "d4455271-ca28-4876-a7ff-3c056059dd3d", "2", "10-53-56-15", "null"],
          "time": 1556782924132718
        }],
        "name": "param_value_list"
      }, {
        "values": [{
          "values": ["false"],
          "time": 1556782924132718
        }],
        "name": "auto_resolved"
      }, {
        "values": [],
        "name": "acknowledging_user"
      }, {
        "values": [],
        "name": "acknowledged_timestamp_usecs"
      }, {
        "values": [],
        "name": "resolving_user"
      }, {
        "values": [],
        "name": "resolved_timestamp_usecs"
      }, {
        "values": [{
          "values": ["d4455271-ca28-4876-a7ff-3c056059dd3d"],
          "time": 1556782924132718
        }],
        "name": "source_entity_uuid"
      }, {
        "values": [{
          "values": ["cluster"],
          "time": 1556782924132718
        }],
        "name": "source_entity_type"
      }]
    }, {
      "entity_id": "6d2b737c-7c32-4efc-b538-e5d96b0e39c6",
      "data": [{
        "values": [{
          "values": ["External Client Authentication"],
          "time": 1554510038274567
        }],
        "name": "title"
      }, {
        "values": [{
          "values": ["Prism Central"],
          "time": 1554510038274567
        }],
        "name": "source_entity_name"
      }, {
        "values": [],
        "name": "impact_type"
      }, {
        "values": [{
          "values": ["critical"],
          "time": 1554510038274567
        }],
        "name": "severity"
      }, {
        "values": [{
          "values": ["false"],
          "time": 1554510038274567
        }],
        "name": "resolved"
      }, {
        "values": [{
          "values": ["false"],
          "time": 1554510038274567
        }],
        "name": "acknowledged"
      }, {
        "values": [{
          "values": ["1554509599860686"],
          "time": 1554509599860686
        }],
        "name": "_created_timestamp_usecs_"
      }, {
        "values": [{
          "values": ["d4455271-ca28-4876-a7ff-3c056059dd3d"],
          "time": 1554510038274567
        }],
        "name": "cluster"
      }, {
        "values": [{
          "values": ["External Client Authentication: IP {client_ip_address} is authenticating to the REST API with the admin user."],
          "time": 1554510038274567
        }],
        "name": "default_message"
      }, {
        "values": [{
          "values": ["cluster_uuid", "client_ip_address", "", "arithmos_id", "ncc_version", "nos_version"],
          "time": 1554510038274567
        }],
        "name": "param_name_list"
      }, {
        "values": [{
          "values": ["d4455271-ca28-4876-a7ff-3c056059dd3d", "10.53.46.152", "10.53.46.152", "d4455271-ca28-4876-a7ff-3c056059dd3d", "3.7.1-20284b13", "5.11"],
          "time": 1554510038274567
        }],
        "name": "param_value_list"
      }, {
        "values": [{
          "values": ["false"],
          "time": 1554510038274567
        }],
        "name": "auto_resolved"
      }, {
        "values": [],
        "name": "acknowledging_user"
      }, {
        "values": [],
        "name": "acknowledged_timestamp_usecs"
      }, {
        "values": [],
        "name": "resolving_user"
      }, {
        "values": [],
        "name": "resolved_timestamp_usecs"
      }, {
        "values": [{
          "values": ["d4455271-ca28-4876-a7ff-3c056059dd3d"],
          "time": 1554510038274567
        }],
        "name": "source_entity_uuid"
      }, {
        "values": [{
          "values": ["cluster"],
          "time": 1554510038274567
        }],
        "name": "source_entity_type"
      }]
    }, {
      "entity_id": "75de6e22-b5a4-45d9-baed-a559f7e07800",
      "data": [{
        "values": [{
          "values": ["External Client Authentication"],
          "time": 1556577837037219
        }],
        "name": "title"
      }, {
        "values": [{
          "values": ["Prism Central"],
          "time": 1556577837037219
        }],
        "name": "source_entity_name"
      }, {
        "values": [],
        "name": "impact_type"
      }, {
        "values": [{
          "values": ["critical"],
          "time": 1556577837037219
        }],
        "name": "severity"
      }, {
        "values": [{
          "values": ["false"],
          "time": 1556577837037219
        }],
        "name": "resolved"
      }, {
        "values": [{
          "values": ["false"],
          "time": 1556577837037219
        }],
        "name": "acknowledged"
      }, {
        "values": [{
          "values": ["1554509532834268"],
          "time": 1554509532834268
        }],
        "name": "_created_timestamp_usecs_"
      }, {
        "values": [{
          "values": ["d4455271-ca28-4876-a7ff-3c056059dd3d"],
          "time": 1556577837037219
        }],
        "name": "cluster"
      }, {
        "values": [{
          "values": ["External Client Authentication: IP {client_ip_address} is authenticating to the REST API with the admin user."],
          "time": 1556577837037219
        }],
        "name": "default_message"
      }, {
        "values": [{
          "values": ["cluster_uuid", "client_ip_address", "", "arithmos_id", "ncc_version", "nos_version"],
          "time": 1556577837037219
        }],
        "name": "param_name_list"
      }, {
        "values": [{
          "values": ["d4455271-ca28-4876-a7ff-3c056059dd3d", "10.46.209.245", "10.46.209.245", "d4455271-ca28-4876-a7ff-3c056059dd3d", "3.7.1-20284b13", "5.11"],
          "time": 1556577837037219
        }],
        "name": "param_value_list"
      }, {
        "values": [{
          "values": ["false"],
          "time": 1556577837037219
        }],
        "name": "auto_resolved"
      }, {
        "values": [],
        "name": "acknowledging_user"
      }, {
        "values": [],
        "name": "acknowledged_timestamp_usecs"
      }, {
        "values": [],
        "name": "resolving_user"
      }, {
        "values": [],
        "name": "resolved_timestamp_usecs"
      }, {
        "values": [{
          "values": ["d4455271-ca28-4876-a7ff-3c056059dd3d"],
          "time": 1556577837037219
        }],
        "name": "source_entity_uuid"
      }, {
        "values": [{
          "values": ["cluster"],
          "time": 1556577837037219
        }],
        "name": "source_entity_type"
      }]
    }, {
      "entity_id": "3edfbaad-6a4d-4a08-a480-7a3074386a8e",
      "data": [{
        "values": [{
          "values": ["Incorrect {vm_type} NTP Configuration"],
          "time": 1556757153016272
        }],
        "name": "title"
      }, {
        "values": [{
          "values": ["Prism Central VM"],
          "time": 1556757153016272
        }],
        "name": "source_entity_name"
      }, {
        "values": [{
          "values": ["SystemIndicator"],
          "time": 1556757153016272
        }],
        "name": "impact_type"
      }, {
        "values": [{
          "values": ["critical"],
          "time": 1556757153016272
        }],
        "name": "severity"
      }, {
        "values": [{
          "values": ["false"],
          "time": 1556757153016272
        }],
        "name": "resolved"
      }, {
        "values": [{
          "values": ["false"],
          "time": 1556757153016272
        }],
        "name": "acknowledged"
      }, {
        "values": [{
          "values": ["1554507820808385"],
          "time": 1554507820808385
        }],
        "name": "_created_timestamp_usecs_"
      }, {
        "values": [{
          "values": ["d4455271-ca28-4876-a7ff-3c056059dd3d"],
          "time": 1556757153016272
        }],
        "name": "cluster"
      }, {
        "values": [{
          "values": ["{vm_type} NTP is not properly configured."],
          "time": 1556757153016272
        }],
        "name": "default_message"
      }, {
        "values": [{
          "values": ["cvm_ip", "vm_type", "service_vm_id", "arithmos_id", "ncc_version", "nos_version", "node_uuid", "node_serial", "block_serial"],
          "time": 1556757153016272
        }],
        "name": "param_name_list"
      }, {
        "values": [{
          "values": ["10.53.56.15", "Prism Central VM", "2", "c96ececb-4379-458b-93a8-4e3987e500e7", "3.6.3-5fe9aebe", "5.10", "c96ececb-4379-458b-93a8-4e3987e500e7", "10-53-56-15", "null"],
          "time": 1556757153016272
        }],
        "name": "param_value_list"
      }, {
        "values": [{
          "values": ["false"],
          "time": 1556757153016272
        }],
        "name": "auto_resolved"
      }, {
        "values": [],
        "name": "acknowledging_user"
      }, {
        "values": [],
        "name": "acknowledged_timestamp_usecs"
      }, {
        "values": [],
        "name": "resolving_user"
      }, {
        "values": [],
        "name": "resolved_timestamp_usecs"
      }, {
        "values": [{
          "values": ["c96ececb-4379-458b-93a8-4e3987e500e7"],
          "time": 1556757153016272
        }],
        "name": "source_entity_uuid"
      }, {
        "values": [{
          "values": ["node"],
          "time": 1556757153016272
        }],
        "name": "source_entity_type"
      }]
    }, {
      "entity_id": "67bea206-ddba-40a5-a901-a6f59e3ec268",
      "data": [{
        "values": [{
          "values": ["Protected Vms Not Found"],
          "time": 1556780883041977
        }],
        "name": "title"
      }, {
        "values": [],
        "name": "source_entity_name"
      }, {
        "values": [{
          "values": ["SystemIndicator"],
          "time": 1556780883041977
        }],
        "name": "impact_type"
      }, {
        "values": [{
          "values": ["critical"],
          "time": 1556780883041977
        }],
        "name": "severity"
      }, {
        "values": [{
          "values": ["false"],
          "time": 1556780883041977
        }],
        "name": "resolved"
      }, {
        "values": [{
          "values": ["false"],
          "time": 1556780883041977
        }],
        "name": "acknowledged"
      }, {
        "values": [{
          "values": ["1554412083990855"],
          "time": 1554412083990855
        }],
        "name": "_created_timestamp_usecs_"
      }, {
        "values": [{
          "values": ["00057bc4-c4cb-2b09-0000-00000000d57a"],
          "time": 1556780883041977
        }],
        "name": "cluster"
      }, {
        "values": [{
          "values": ["Unable to locate VM(s) {vm_names} protected by protection domain '{protection_domain_name}'."],
          "time": 1556780883041977
        }],
        "name": "default_message"
      }, {
        "values": [{
          "values": ["protection_domain_name", "", "vm_names", "", "operation_id", "arithmos_id", "ncc_version", "nos_version"],
          "time": 1556780883041977
        }],
        "name": "param_name_list"
      }, {
        "values": [{
          "values": ["AsyncDR", "AsyncDR", "pc-test", "pc-test", "41264", "AsyncDR", "master-6c66ca8a", "5.9.2"],
          "time": 1556780883041977
        }],
        "name": "param_value_list"
      }, {
        "values": [{
          "values": ["false"],
          "time": 1556780883041977
        }],
        "name": "auto_resolved"
      }, {
        "values": [],
        "name": "acknowledging_user"
      }, {
        "values": [],
        "name": "acknowledged_timestamp_usecs"
      }, {
        "values": [],
        "name": "resolving_user"
      }, {
        "values": [],
        "name": "resolved_timestamp_usecs"
      }, {
        "values": [],
        "name": "source_entity_uuid"
      }, {
        "values": [],
        "name": "source_entity_type"
      }]
    }, {
      "entity_id": "3eeeb1d4-5be9-410f-946a-8a6afde7b750",
      "data": [{
        "values": [{
          "values": ["Remote site connectivity not normal."],
          "time": 1556782613913021
        }],
        "name": "title"
      }, {
        "values": [],
        "name": "source_entity_name"
      }, {
        "values": [{
          "values": ["SystemIndicator"],
          "time": 1556782613913021
        }],
        "name": "impact_type"
      }, {
        "values": [{
          "values": ["critical"],
          "time": 1556782613913021
        }],
        "name": "severity"
      }, {
        "values": [{
          "values": ["false"],
          "time": 1556782613913021
        }],
        "name": "resolved"
      }, {
        "values": [{
          "values": ["false"],
          "time": 1556782613913021
        }],
        "name": "acknowledged"
      }, {
        "values": [{
          "values": ["1553213012506747"],
          "time": 1553213012506747
        }],
        "name": "_created_timestamp_usecs_"
      }, {
        "values": [{
          "values": ["00057bc4-c4cb-2b09-0000-00000000d57a"],
          "time": 1556782613913021
        }],
        "name": "cluster"
      }, {
        "values": [{
          "values": ["Connectivity to remote site {remote_name} is not normal."],
          "time": 1556782613913021
        }],
        "name": "default_message"
      }, {
        "values": [{
          "values": ["remote_name", "remote_name", "arithmos_id", "ncc_version", "nos_version", "remote_site_uuid"],
          "time": 1556782613913021
        }],
        "name": "param_name_list"
      }, {
        "values": [{
          "values": ["PHYSICAL_CLUSTER1", "PHYSICAL_CLUSTER1", "PHYSICAL_CLUSTER1", "master-6c66ca8a", "5.9.2", "00057bc4-daaa-670a-0f83-0cc47a3a2f8a"],
          "time": 1556782613913021
        }],
        "name": "param_value_list"
      }, {
        "values": [{
          "values": ["false"],
          "time": 1556782613913021
        }],
        "name": "auto_resolved"
      }, {
        "values": [],
        "name": "acknowledging_user"
      }, {
        "values": [],
        "name": "acknowledged_timestamp_usecs"
      }, {
        "values": [],
        "name": "resolving_user"
      }, {
        "values": [],
        "name": "resolved_timestamp_usecs"
      }, {
        "values": [],
        "name": "source_entity_uuid"
      }, {
        "values": [],
        "name": "source_entity_type"
      }]
    }, {
      "entity_id": "736c56e8-a453-47a4-a507-9b4c8d7e43df",
      "data": [{
        "values": [{
          "values": ["External Client Authentication"],
          "time": 1552352463949710
        }],
        "name": "title"
      }, {
        "values": [],
        "name": "source_entity_name"
      }, {
        "values": [],
        "name": "impact_type"
      }, {
        "values": [{
          "values": ["critical"],
          "time": 1552352463949710
        }],
        "name": "severity"
      }, {
        "values": [{
          "values": ["false"],
          "time": 1552352463949710
        }],
        "name": "resolved"
      }, {
        "values": [{
          "values": ["false"],
          "time": 1552352463949710
        }],
        "name": "acknowledged"
      }, {
        "values": [{
          "values": ["1552348565027203"],
          "time": 1552348565027203
        }],
        "name": "_created_timestamp_usecs_"
      }, {
        "values": [{
          "values": ["00057bc4-c4cb-2b09-0000-00000000d57a"],
          "time": 1552352463949710
        }],
        "name": "cluster"
      }, {
        "values": [{
          "values": ["External Client Authentication: IP {client_ip_address} is authenticating to the REST API with the admin user."],
          "time": 1552352463949710
        }],
        "name": "default_message"
      }, {
        "values": [{
          "values": ["cluster_uuid", "client_ip_address", "", "arithmos_id", "ncc_version", "nos_version", "cluster_id"],
          "time": 1552352463949710
        }],
        "name": "param_name_list"
      }, {
        "values": [{
          "values": ["00057bc4-c4cb-2b09-0000-00000000d57a", "10.40.34.80", "10.40.34.80", "54650", "master-6c66ca8a", "5.9.2", "54650"],
          "time": 1552352463949710
        }],
        "name": "param_value_list"
      }, {
        "values": [{
          "values": ["false"],
          "time": 1552352463949710
        }],
        "name": "auto_resolved"
      }, {
        "values": [],
        "name": "acknowledging_user"
      }, {
        "values": [],
        "name": "acknowledged_timestamp_usecs"
      }, {
        "values": [],
        "name": "resolving_user"
      }, {
        "values": [],
        "name": "resolved_timestamp_usecs"
      }, {
        "values": [],
        "name": "source_entity_uuid"
      }, {
        "values": [],
        "name": "source_entity_type"
      }]
    }, {
      "entity_id": "1edc789c-183f-4c31-8133-09ccc27ab1b9",
      "data": [{
        "values": [{
          "values": ["Node Failure"],
          "time": 1550188566877559
        }],
        "name": "title"
      }, {
        "values": [],
        "name": "source_entity_name"
      }, {
        "values": [{
          "values": ["Availability"],
          "time": 1550188566877559
        }],
        "name": "impact_type"
      }, {
        "values": [{
          "values": ["critical"],
          "time": 1550188566877559
        }],
        "name": "severity"
      }, {
        "values": [{
          "values": ["false"],
          "time": 1550188566877559
        }],
        "name": "resolved"
      }, {
        "values": [{
          "values": ["false"],
          "time": 1550188566877559
        }],
        "name": "acknowledged"
      }, {
        "values": [{
          "values": ["1550188566860467"],
          "time": 1550188566860467
        }],
        "name": "_created_timestamp_usecs_"
      }, {
        "values": [{
          "values": ["00057bc4-c4cb-2b09-0000-00000000d57a"],
          "time": 1550188566877559
        }],
        "name": "cluster"
      }, {
        "values": [{
          "values": ["Host {hypervisor_address} appears to have failed. High Availability is restarting VMs on {failover_host_info}."],
          "time": 1550188566877559
        }],
        "name": "default_message"
      }, {
        "values": [{
          "values": ["service_vm_id", "hypervisor_address", "failover_host_info", "timestamp_csecs", "", "arithmos_id", "ncc_version", "nos_version", "cluster_id", "node_uuid", "cluster_uuid", "node_serial", "block_serial"],
          "time": 1550188566877559
        }],
        "name": "param_name_list"
      }, {
        "values": [{
          "values": ["5", "10.46.210.98", "hosts throughout the cluster", "155018836517", "155018836517", "54650", "master-6c66ca8a", "5.9.2", "54650", "5a1e0a71-5ab5-4525-853d-3c2bb79c6afe", "00057bc4-c4cb-2b09-0000-00000000d57a", "ZM164S022075", "16SM6B290064"],
          "time": 1550188566877559
        }],
        "name": "param_value_list"
      }, {
        "values": [{
          "values": ["false"],
          "time": 1550188566877559
        }],
        "name": "auto_resolved"
      }, {
        "values": [],
        "name": "acknowledging_user"
      }, {
        "values": [],
        "name": "acknowledged_timestamp_usecs"
      }, {
        "values": [],
        "name": "resolving_user"
      }, {
        "values": [],
        "name": "resolved_timestamp_usecs"
      }, {
        "values": [],
        "name": "source_entity_uuid"
      }, {
        "values": [],
        "name": "source_entity_type"
      }]
    }, {
      "entity_id": "36c30ad6-9553-4bc2-bda8-b587268ced5a",
      "data": [{
        "values": [{
          "values": ["HA Healing Failure"],
          "time": 1550188566643662
        }],
        "name": "title"
      }, {
        "values": [],
        "name": "source_entity_name"
      }, {
        "values": [{
          "values": ["SystemIndicator"],
          "time": 1550188566643662
        }],
        "name": "impact_type"
      }, {
        "values": [{
          "values": ["critical"],
          "time": 1550188566643662
        }],
        "name": "severity"
      }, {
        "values": [{
          "values": ["false"],
          "time": 1550188566643662
        }],
        "name": "resolved"
      }, {
        "values": [{
          "values": ["false"],
          "time": 1550188566643662
        }],
        "name": "acknowledged"
      }, {
        "values": [{
          "values": ["1550188566546315"],
          "time": 1550188566546315
        }],
        "name": "_created_timestamp_usecs_"
      }, {
        "values": [{
          "values": ["00057bc4-c4cb-2b09-0000-00000000d57a"],
          "time": 1550188566643662
        }],
        "name": "cluster"
      }, {
        "values": [{
          "values": ["Could not restore VM High Availability."],
          "time": 1550188566643662
        }],
        "name": "default_message"
      }, {
        "values": [{
          "values": ["timestamp_csecs", "", "arithmos_id", "ncc_version", "nos_version", "cluster_id", "cluster_uuid"],
          "time": 1550188566643662
        }],
        "name": "param_name_list"
      }, {
        "values": [{
          "values": ["155018835992", "155018835992", "54650", "master-6c66ca8a", "5.9.2", "54650", "00057bc4-c4cb-2b09-0000-00000000d57a"],
          "time": 1550188566643662
        }],
        "name": "param_value_list"
      }, {
        "values": [{
          "values": ["false"],
          "time": 1550188566643662
        }],
        "name": "auto_resolved"
      }, {
        "values": [],
        "name": "acknowledging_user"
      }, {
        "values": [],
        "name": "acknowledged_timestamp_usecs"
      }, {
        "values": [],
        "name": "resolving_user"
      }, {
        "values": [],
        "name": "resolved_timestamp_usecs"
      }, {
        "values": [],
        "name": "source_entity_uuid"
      }, {
        "values": [],
        "name": "source_entity_type"
      }]
    }, {
      "entity_id": "00c0647c-d494-418b-92f0-fe3bbd59d66d",
      "data": [{
        "values": [{
          "values": ["Node Failure"],
          "time": 1550186212624709
        }],
        "name": "title"
      }, {
        "values": [],
        "name": "source_entity_name"
      }, {
        "values": [{
          "values": ["Availability"],
          "time": 1550186212624709
        }],
        "name": "impact_type"
      }, {
        "values": [{
          "values": ["critical"],
          "time": 1550186212624709
        }],
        "name": "severity"
      }, {
        "values": [{
          "values": ["false"],
          "time": 1550186212624709
        }],
        "name": "resolved"
      }, {
        "values": [{
          "values": ["false"],
          "time": 1550186212624709
        }],
        "name": "acknowledged"
      }, {
        "values": [{
          "values": ["1550186212624709"],
          "time": 1550186212624709
        }],
        "name": "_created_timestamp_usecs_"
      }, {
        "values": [{
          "values": ["00057bc4-c4cb-2b09-0000-00000000d57a"],
          "time": 1550186212624709
        }],
        "name": "cluster"
      }, {
        "values": [{
          "values": ["Host {hypervisor_address} appears to have failed. High Availability is restarting VMs on {failover_host_info}."],
          "time": 1550186212624709
        }],
        "name": "default_message"
      }, {
        "values": [{
          "values": ["service_vm_id", "hypervisor_address", "failover_host_info", "timestamp_csecs", "", "arithmos_id", "ncc_version", "nos_version", "cluster_id", "node_uuid", "cluster_uuid", "node_serial", "block_serial"],
          "time": 1550186212624709
        }],
        "name": "param_name_list"
      }, {
        "values": [{
          "values": ["7", "10.46.210.97", "hosts throughout the cluster", "155018602849", "155018602849", "54650", "master-6c66ca8a", "5.9.2", "54650", "4cc96f50-152e-4c5d-8db8-986f351db706", "00057bc4-c4cb-2b09-0000-00000000d57a", "ZM165S022697", "16SM6B290064"],
          "time": 1550186212624709
        }],
        "name": "param_value_list"
      }, {
        "values": [{
          "values": ["false"],
          "time": 1550186212624709
        }],
        "name": "auto_resolved"
      }, {
        "values": [],
        "name": "acknowledging_user"
      }, {
        "values": [],
        "name": "acknowledged_timestamp_usecs"
      }, {
        "values": [],
        "name": "resolving_user"
      }, {
        "values": [],
        "name": "resolved_timestamp_usecs"
      }, {
        "values": [],
        "name": "source_entity_uuid"
      }, {
        "values": [],
        "name": "source_entity_type"
      }]
    }, {
      "entity_id": "8ca91efe-19c3-440b-8654-362127159d15",
      "data": [{
        "values": [{
          "values": ["HA Healing Failure"],
          "time": 1550186212128768
        }],
        "name": "title"
      }, {
        "values": [],
        "name": "source_entity_name"
      }, {
        "values": [{
          "values": ["SystemIndicator"],
          "time": 1550186212128768
        }],
        "name": "impact_type"
      }, {
        "values": [{
          "values": ["critical"],
          "time": 1550186212128768
        }],
        "name": "severity"
      }, {
        "values": [{
          "values": ["false"],
          "time": 1550186212128768
        }],
        "name": "resolved"
      }, {
        "values": [{
          "values": ["false"],
          "time": 1550186212128768
        }],
        "name": "acknowledged"
      }, {
        "values": [{
          "values": ["1550186212128768"],
          "time": 1550186212128768
        }],
        "name": "_created_timestamp_usecs_"
      }, {
        "values": [{
          "values": ["00057bc4-c4cb-2b09-0000-00000000d57a"],
          "time": 1550186212128768
        }],
        "name": "cluster"
      }, {
        "values": [{
          "values": ["Could not restore VM High Availability."],
          "time": 1550186212128768
        }],
        "name": "default_message"
      }, {
        "values": [{
          "values": ["timestamp_csecs", "", "arithmos_id", "ncc_version", "nos_version", "cluster_id", "cluster_uuid"],
          "time": 1550186212128768
        }],
        "name": "param_name_list"
      }, {
        "values": [{
          "values": ["155018602127", "155018602127", "54650", "master-6c66ca8a", "5.9.2", "54650", "00057bc4-c4cb-2b09-0000-00000000d57a"],
          "time": 1550186212128768
        }],
        "name": "param_value_list"
      }, {
        "values": [{
          "values": ["false"],
          "time": 1550186212128768
        }],
        "name": "auto_resolved"
      }, {
        "values": [],
        "name": "acknowledging_user"
      }, {
        "values": [],
        "name": "acknowledged_timestamp_usecs"
      }, {
        "values": [],
        "name": "resolving_user"
      }, {
        "values": [],
        "name": "resolved_timestamp_usecs"
      }, {
        "values": [],
        "name": "source_entity_uuid"
      }, {
        "values": [],
        "name": "source_entity_type"
      }]
    }, {
      "entity_id": "8022dcd0-6b36-4279-84eb-81c72a3eaf4b",
      "data": [{
        "values": [{
          "values": ["Node Failure"],
          "time": 1550184517566733
        }],
        "name": "title"
      }, {
        "values": [],
        "name": "source_entity_name"
      }, {
        "values": [{
          "values": ["Availability"],
          "time": 1550184517566733
        }],
        "name": "impact_type"
      }, {
        "values": [{
          "values": ["critical"],
          "time": 1550184517566733
        }],
        "name": "severity"
      }, {
        "values": [{
          "values": ["false"],
          "time": 1550184517566733
        }],
        "name": "resolved"
      }, {
        "values": [{
          "values": ["false"],
          "time": 1550184517566733
        }],
        "name": "acknowledged"
      }, {
        "values": [{
          "values": ["1550184517529527"],
          "time": 1550184517529527
        }],
        "name": "_created_timestamp_usecs_"
      }, {
        "values": [{
          "values": ["00057bc4-c4cb-2b09-0000-00000000d57a"],
          "time": 1550184517566733
        }],
        "name": "cluster"
      }, {
        "values": [{
          "values": ["Host {hypervisor_address} appears to have failed. High Availability is restarting VMs on {failover_host_info}."],
          "time": 1550184517566733
        }],
        "name": "default_message"
      }, {
        "values": [{
          "values": ["service_vm_id", "hypervisor_address", "failover_host_info", "timestamp_csecs", "", "arithmos_id", "ncc_version", "nos_version", "cluster_id", "node_uuid", "cluster_uuid", "node_serial", "block_serial"],
          "time": 1550184517566733
        }],
        "name": "param_name_list"
      }, {
        "values": [{
          "values": ["6", "10.46.210.96", "hosts throughout the cluster", "155018451731", "155018451731", "54650", "master-6c66ca8a", "5.9.2", "54650", "99f796ec-340a-4411-84d6-c1740ae5db6c", "00057bc4-c4cb-2b09-0000-00000000d57a", "ZM164S022114", "16SM6B290064"],
          "time": 1550184517566733
        }],
        "name": "param_value_list"
      }, {
        "values": [{
          "values": ["false"],
          "time": 1550184517566733
        }],
        "name": "auto_resolved"
      }, {
        "values": [],
        "name": "acknowledging_user"
      }, {
        "values": [],
        "name": "acknowledged_timestamp_usecs"
      }, {
        "values": [],
        "name": "resolving_user"
      }, {
        "values": [],
        "name": "resolved_timestamp_usecs"
      }, {
        "values": [],
        "name": "source_entity_uuid"
      }, {
        "values": [],
        "name": "source_entity_type"
      }]
    }],
    "group_by_column_value": "",
    "total_entity_count": 22,
    "group_summaries": {}
  }],
  "total_group_count": 1
}