
{
  "entity_type": "vm",
  "filtered_group_count": 1,
  "total_entity_count": 18,
  "filtered_entity_count": 1,
  "group_results": [{
    "entity_results": [{
      "entity_id": "bootcamp_bluemedora_10",
      "data": [{
        "values": [{
          "values": ["80000"],
          "time": 1556228400000000
        }, {
          "values": ["80000"],
          "time": 1556228100000000
        }, {
          "values": ["80000"],
          "time": 1556227800000000
        }, {
          "values": ["80000"],
          "time": 1556227500000000
        }, {
          "values": ["80000"],
          "time": 1556227200000000
        }, {
          "values": ["80000"],
          "time": 1556226900000000
        }, {
          "values": ["80000"],
          "time": 1556226600000000
        }, {
          "values": ["80000"],
          "time": 1556226300000000
        }, {
          "values": ["80000"],
          "time": 1556226000000000
        }, {
          "values": ["80000"],
          "time": 1556225700000000
        }, {
          "values": ["80000"],
          "time": 1556225400000000
        }, {
          "values": ["80000"],
          "time": 1556225100000000
        }, {
          "values": ["80000"],
          "time": 1556224800000000
        }, {
          "values": ["80000"],
          "time": 1556224500000000
        }, {
          "values": ["80000"],
          "time": 1556224200000000
        }, {
          "values": ["80000"],
          "time": 1556223900000000
        }, {
          "values": ["80000"],
          "time": 1556223600000000
        }, {
          "values": ["80000"],
          "time": 1556223300000000
        }, {
          "values": ["80000"],
          "time": 1556223000000000
        }, {
          "values": ["80000"],
          "time": 1556222700000000
        }, {
          "values": ["80000"],
          "time": 1556222400000000
        }, {
          "values": ["80000"],
          "time": 1556222100000000
        }, {
          "values": ["80000"],
          "time": 1556221800000000
        }, {
          "values": ["80000"],
          "time": 1556221500000000
        }, {
          "values": ["80000"],
          "time": 1556221200000000
        }, {
          "values": ["80000"],
          "time": 1556220900000000
        }, {
          "values": ["80000"],
          "time": 1556220600000000
        }, {
          "values": ["80000"],
          "time": 1556220300000000
        }, {
          "values": ["80000"],
          "time": 1556220000000000
        }, {
          "values": ["80000"],
          "time": 1556219700000000
        }, {
          "values": ["80000"],
          "time": 1556219400000000
        }, {
          "values": ["80000"],
          "time": 1556219100000000
        }, {
          "values": ["80000"],
          "time": 1556218800000000
        }, {
          "values": ["80000"],
          "time": 1556218500000000
        }, {
          "values": ["80000"],
          "time": 1556218200000000
        }, {
          "values": ["80000"],
          "time": 1556217900000000
        }, {
          "values": ["80000"],
          "time": 1556217600000000
        }, {
          "values": ["80000"],
          "time": 1556217300000000
        }, {
          "values": ["80000"],
          "time": 1556217000000000
        }, {
          "values": ["80000"],
          "time": 1556216700000000
        }, {
          "values": ["80000"],
          "time": 1556216400000000
        }, {
          "values": ["80000"],
          "time": 1556216100000000
        }, {
          "values": ["80000"],
          "time": 1556215800000000
        }, {
          "values": ["80000"],
          "time": 1556215500000000
        }, {
          "values": ["80000"],
          "time": 1556215200000000
        }, {
          "values": ["80000"],
          "time": 1556214900000000
        }, {
          "values": ["80000"],
          "time": 1556214600000000
        }, {
          "values": ["80000"],
          "time": 1556214300000000
        }, {
          "values": ["80000"],
          "time": 1556214000000000
        }, {
          "values": ["80000"],
          "time": 1556213700000000
        }, {
          "values": ["80000"],
          "time": 1556213400000000
        }, {
          "values": ["80000"],
          "time": 1556213100000000
        }, {
          "values": ["80000"],
          "time": 1556212800000000
        }, {
          "values": ["80000"],
          "time": 1556212500000000
        }, {
          "values": ["80000"],
          "time": 1556212200000000
        }, {
          "values": ["80000"],
          "time": 1556211900000000
        }, {
          "values": ["80000"],
          "time": 1556211600000000
        }, {
          "values": ["80000"],
          "time": 1556211300000000
        }, {
          "values": ["80000"],
          "time": 1556211000000000
        }, {
          "values": ["80000"],
          "time": 1556210700000000
        }, {
          "values": ["80000"],
          "time": 1556210400000000
        }, {
          "values": ["80000"],
          "time": 1556210100000000
        }, {
          "values": ["80000"],
          "time": 1556209800000000
        }, {
          "values": ["80000"],
          "time": 1556209500000000
        }, {
          "values": ["80000"],
          "time": 1556209200000000
        }, {
          "values": ["80000"],
          "time": 1556208900000000
        }, {
          "values": ["80000"],
          "time": 1556208600000000
        }, {
          "values": ["80000"],
          "time": 1556208300000000
        }, {
          "values": ["80000"],
          "time": 1556208000000000
        }, {
          "values": ["80000"],
          "time": 1556207700000000
        }, {
          "values": ["80000"],
          "time": 1556207400000000
        }, {
          "values": ["80000"],
          "time": 1556207100000000
        }, {
          "values": ["80000"],
          "time": 1556206800000000
        }, {
          "values": ["80000"],
          "time": 1556206500000000
        }, {
          "values": ["80000"],
          "time": 1556206200000000
        }, {
          "values": ["80000"],
          "time": 1556205900000000
        }, {
          "values": ["80000"],
          "time": 1556205600000000
        }, {
          "values": ["80000"],
          "time": 1556205300000000
        }, {
          "values": ["80000"],
          "time": 1556205000000000
        }, {
          "values": ["80000"],
          "time": 1556204700000000
        }, {
          "values": ["80000"],
          "time": 1556204400000000
        }, {
          "values": ["80000"],
          "time": 1556204100000000
        }, {
          "values": ["80000"],
          "time": 1556203800000000
        }, {
          "values": ["80000"],
          "time": 1556203500000000
        }, {
          "values": ["80000"],
          "time": 1556203200000000
        }, {
          "values": ["80000"],
          "time": 1556202900000000
        }, {
          "values": ["80000"],
          "time": 1556202600000000
        }, {
          "values": ["80000"],
          "time": 1556202300000000
        }, {
          "values": ["80000"],
          "time": 1556202000000000
        }, {
          "values": ["80000"],
          "time": 1556201700000000
        }, {
          "values": ["80000"],
          "time": 1556201400000000
        }, {
          "values": ["80000"],
          "time": 1556201100000000
        }, {
          "values": ["80000"],
          "time": 1556200800000000
        }, {
          "values": ["80000"],
          "time": 1556200500000000
        }, {
          "values": ["80000"],
          "time": 1556200200000000
        }, {
          "values": ["80000"],
          "time": 1556199900000000
        }, {
          "values": ["80000"],
          "time": 1556199600000000
        }, {
          "values": ["80000"],
          "time": 1556199300000000
        }, {
          "values": ["80000"],
          "time": 1556199000000000
        }, {
          "values": ["80000"],
          "time": 1556198700000000
        }, {
          "values": ["80000"],
          "time": 1556198400000000
        }, {
          "values": ["80000"],
          "time": 1556198100000000
        }, {
          "values": ["80000"],
          "time": 1556197800000000
        }, {
          "values": ["80000"],
          "time": 1556197500000000
        }, {
          "values": ["80000"],
          "time": 1556197200000000
        }, {
          "values": ["80000"],
          "time": 1556196900000000
        }, {
          "values": ["80000"],
          "time": 1556196600000000
        }, {
          "values": ["80000"],
          "time": 1556196300000000
        }, {
          "values": ["80000"],
          "time": 1556196000000000
        }, {
          "values": ["80000"],
          "time": 1556195700000000
        }, {
          "values": ["80000"],
          "time": 1556195400000000
        }, {
          "values": ["80000"],
          "time": 1556195100000000
        }, {
          "values": ["80000"],
          "time": 1556194800000000
        }, {
          "values": ["80000"],
          "time": 1556194500000000
        }, {
          "values": ["80000"],
          "time": 1556194200000000
        }, {
          "values": ["80000"],
          "time": 1556193900000000
        }, {
          "values": ["80000"],
          "time": 1556193600000000
        }, {
          "values": ["80000"],
          "time": 1556193300000000
        }, {
          "values": ["80000"],
          "time": 1556193000000000
        }, {
          "values": ["80000"],
          "time": 1556192700000000
        }, {
          "values": ["80000"],
          "time": 1556192400000000
        }, {
          "values": ["80000"],
          "time": 1556192100000000
        }, {
          "values": ["80000"],
          "time": 1556191800000000
        }, {
          "values": ["80000"],
          "time": 1556191500000000
        }, {
          "values": ["80000"],
          "time": 1556191200000000
        }, {
          "values": ["80000"],
          "time": 1556190900000000
        }, {
          "values": ["80000"],
          "time": 1556190600000000
        }, {
          "values": ["80000"],
          "time": 1556190300000000
        }, {
          "values": ["80000"],
          "time": 1556190000000000
        }, {
          "values": ["80000"],
          "time": 1556189700000000
        }, {
          "values": ["80000"],
          "time": 1556189400000000
        }, {
          "values": ["80000"],
          "time": 1556189100000000
        }, {
          "values": ["80000"],
          "time": 1556188800000000
        }, {
          "values": ["80000"],
          "time": 1556188500000000
        }, {
          "values": ["80000"],
          "time": 1556188200000000
        }, {
          "values": ["80000"],
          "time": 1556187900000000
        }, {
          "values": ["80000"],
          "time": 1556187600000000
        }, {
          "values": ["80000"],
          "time": 1556187300000000
        }, {
          "values": ["80000"],
          "time": 1556187000000000
        }, {
          "values": ["80000"],
          "time": 1556186700000000
        }, {
          "values": ["80000"],
          "time": 1556186400000000
        }, {
          "values": ["80000"],
          "time": 1556186100000000
        }, {
          "values": ["80000"],
          "time": 1556185800000000
        }, {
          "values": ["80000"],
          "time": 1556185500000000
        }, {
          "values": ["80000"],
          "time": 1556185200000000
        }, {
          "values": ["80000"],
          "time": 1556184900000000
        }, {
          "values": ["80000"],
          "time": 1556184600000000
        }, {
          "values": ["80000"],
          "time": 1556184300000000
        }, {
          "values": ["80000"],
          "time": 1556184000000000
        }, {
          "values": ["80000"],
          "time": 1556183700000000
        }, {
          "values": ["80000"],
          "time": 1556183400000000
        }, {
          "values": ["80000"],
          "time": 1556183100000000
        }, {
          "values": ["80000"],
          "time": 1556182800000000
        }, {
          "values": ["80000"],
          "time": 1556182500000000
        }, {
          "values": ["80000"],
          "time": 1556182200000000
        }, {
          "values": ["80000"],
          "time": 1556181900000000
        }, {
          "values": ["80000"],
          "time": 1556181600000000
        }, {
          "values": ["80000"],
          "time": 1556181300000000
        }, {
          "values": ["80000"],
          "time": 1556181000000000
        }, {
          "values": ["80000"],
          "time": 1556180700000000
        }, {
          "values": ["80000"],
          "time": 1556180400000000
        }, {
          "values": ["80000"],
          "time": 1556180100000000
        }, {
          "values": ["80000"],
          "time": 1556179800000000
        }, {
          "values": ["80000"],
          "time": 1556179500000000
        }, {
          "values": ["80000"],
          "time": 1556179200000000
        }, {
          "values": ["80000"],
          "time": 1556178900000000
        }, {
          "values": ["80000"],
          "time": 1556178600000000
        }, {
          "values": ["80000"],
          "time": 1556178300000000
        }, {
          "values": ["80000"],
          "time": 1556178000000000
        }, {
          "values": ["80000"],
          "time": 1556177700000000
        }, {
          "values": ["80000"],
          "time": 1556177400000000
        }, {
          "values": ["80000"],
          "time": 1556177100000000
        }, {
          "values": ["80000"],
          "time": 1556176800000000
        }, {
          "values": ["80000"],
          "time": 1556176500000000
        }, {
          "values": ["80000"],
          "time": 1556176200000000
        }, {
          "values": ["80000"],
          "time": 1556175900000000
        }, {
          "values": ["80000"],
          "time": 1556175600000000
        }, {
          "values": ["80000"],
          "time": 1556175300000000
        }, {
          "values": ["80000"],
          "time": 1556175000000000
        }, {
          "values": ["80000"],
          "time": 1556174700000000
        }, {
          "values": ["80000"],
          "time": 1556174400000000
        }, {
          "values": ["80000"],
          "time": 1556174100000000
        }, {
          "values": ["80000"],
          "time": 1556173800000000
        }, {
          "values": ["80000"],
          "time": 1556173500000000
        }, {
          "values": ["80000"],
          "time": 1556173200000000
        }, {
          "values": ["80000"],
          "time": 1556172900000000
        }, {
          "values": ["80000"],
          "time": 1556172600000000
        }, {
          "values": ["80000"],
          "time": 1556172300000000
        }, {
          "values": ["80000"],
          "time": 1556172000000000
        }, {
          "values": ["80000"],
          "time": 1556171700000000
        }, {
          "values": ["80000"],
          "time": 1556171400000000
        }, {
          "values": ["80000"],
          "time": 1556171100000000
        }, {
          "values": ["80000"],
          "time": 1556170800000000
        }, {
          "values": ["80000"],
          "time": 1556170500000000
        }, {
          "values": ["80000"],
          "time": 1556170200000000
        }, {
          "values": ["80000"],
          "time": 1556169900000000
        }, {
          "values": ["80000"],
          "time": 1556169600000000
        }, {
          "values": ["80000"],
          "time": 1556169300000000
        }, {
          "values": ["80000"],
          "time": 1556169000000000
        }, {
          "values": ["80000"],
          "time": 1556168700000000
        }, {
          "values": ["80000"],
          "time": 1556168400000000
        }, {
          "values": ["80000"],
          "time": 1556168100000000
        }, {
          "values": ["80000"],
          "time": 1556167800000000
        }, {
          "values": ["80000"],
          "time": 1556167500000000
        }, {
          "values": ["80000"],
          "time": 1556167200000000
        }, {
          "values": ["80000"],
          "time": 1556166900000000
        }, {
          "values": ["80000"],
          "time": 1556166600000000
        }, {
          "values": ["80000"],
          "time": 1556166300000000
        }, {
          "values": ["80000"],
          "time": 1556166000000000
        }, {
          "values": ["80000"],
          "time": 1556165700000000
        }, {
          "values": ["80000"],
          "time": 1556165400000000
        }, {
          "values": ["80000"],
          "time": 1556165100000000
        }, {
          "values": ["80000"],
          "time": 1556164800000000
        }, {
          "values": ["80000"],
          "time": 1556164500000000
        }, {
          "values": ["80000"],
          "time": 1556164200000000
        }, {
          "values": ["80000"],
          "time": 1556163900000000
        }, {
          "values": ["80000"],
          "time": 1556163600000000
        }, {
          "values": ["80000"],
          "time": 1556163300000000
        }, {
          "values": ["80000"],
          "time": 1556163000000000
        }, {
          "values": ["80000"],
          "time": 1556162700000000
        }, {
          "values": ["80000"],
          "time": 1556162400000000
        }, {
          "values": ["80000"],
          "time": 1556162100000000
        }, {
          "values": ["80000"],
          "time": 1556161800000000
        }, {
          "values": ["80000"],
          "time": 1556161500000000
        }, {
          "values": ["80000"],
          "time": 1556161200000000
        }, {
          "values": ["80000"],
          "time": 1556160900000000
        }, {
          "values": ["80000"],
          "time": 1556160600000000
        }, {
          "values": ["80000"],
          "time": 1556160300000000
        }, {
          "values": ["80000"],
          "time": 1556160000000000
        }, {
          "values": ["80000"],
          "time": 1556159700000000
        }, {
          "values": ["80000"],
          "time": 1556159400000000
        }, {
          "values": ["80000"],
          "time": 1556159100000000
        }, {
          "values": ["80000"],
          "time": 1556158800000000
        }, {
          "values": ["80000"],
          "time": 1556158500000000
        }, {
          "values": ["80000"],
          "time": 1556158200000000
        }, {
          "values": ["80000"],
          "time": 1556157900000000
        }, {
          "values": ["80000"],
          "time": 1556157600000000
        }, {
          "values": ["80000"],
          "time": 1556157300000000
        }, {
          "values": ["80000"],
          "time": 1556157000000000
        }, {
          "values": ["80000"],
          "time": 1556156700000000
        }, {
          "values": ["80000"],
          "time": 1556156400000000
        }, {
          "values": ["80000"],
          "time": 1556156100000000
        }, {
          "values": ["80000"],
          "time": 1556155800000000
        }, {
          "values": ["80000"],
          "time": 1556155500000000
        }, {
          "values": ["80000"],
          "time": 1556155200000000
        }, {
          "values": ["80000"],
          "time": 1556154900000000
        }, {
          "values": ["80000"],
          "time": 1556154600000000
        }, {
          "values": ["80000"],
          "time": 1556154300000000
        }, {
          "values": ["80000"],
          "time": 1556154000000000
        }, {
          "values": ["80000"],
          "time": 1556153700000000
        }, {
          "values": ["80000"],
          "time": 1556153400000000
        }, {
          "values": ["80000"],
          "time": 1556153100000000
        }, {
          "values": ["80000"],
          "time": 1556152800000000
        }, {
          "values": ["80000"],
          "time": 1556152500000000
        }, {
          "values": ["80000"],
          "time": 1556152200000000
        }, {
          "values": ["80000"],
          "time": 1556151900000000
        }, {
          "values": ["80000"],
          "time": 1556151600000000
        }, {
          "values": ["80000"],
          "time": 1556151300000000
        }, {
          "values": ["80000"],
          "time": 1556151000000000
        }, {
          "values": ["80000"],
          "time": 1556150700000000
        }, {
          "values": ["80000"],
          "time": 1556150400000000
        }, {
          "values": ["80000"],
          "time": 1556150100000000
        }, {
          "values": ["80000"],
          "time": 1556149800000000
        }, {
          "values": ["80000"],
          "time": 1556149500000000
        }, {
          "values": ["80000"],
          "time": 1556149200000000
        }, {
          "values": ["80000"],
          "time": 1556148900000000
        }, {
          "values": ["80000"],
          "time": 1556148600000000
        }, {
          "values": ["80000"],
          "time": 1556148300000000
        }, {
          "values": ["80000"],
          "time": 1556148000000000
        }, {
          "values": ["80000"],
          "time": 1556147700000000
        }, {
          "values": ["80000"],
          "time": 1556147400000000
        }, {
          "values": ["80000"],
          "time": 1556147100000000
        }, {
          "values": ["80000"],
          "time": 1556146800000000
        }, {
          "values": ["80000"],
          "time": 1556146500000000
        }, {
          "values": ["80000"],
          "time": 1556146200000000
        }, {
          "values": ["80000"],
          "time": 1556145900000000
        }, {
          "values": ["80000"],
          "time": 1556145600000000
        }, {
          "values": ["80000"],
          "time": 1556145300000000
        }, {
          "values": ["80000"],
          "time": 1556145000000000
        }, {
          "values": ["80000"],
          "time": 1556144700000000
        }],
        "name": "capacity.number_of_connections.upper_buff"
      }, {
        "values": [{
          "values": ["0"],
          "time": 1556228400000000
        }, {
          "values": ["0"],
          "time": 1556228100000000
        }, {
          "values": ["0"],
          "time": 1556227800000000
        }, {
          "values": ["0"],
          "time": 1556227500000000
        }, {
          "values": ["0"],
          "time": 1556227200000000
        }, {
          "values": ["0"],
          "time": 1556226900000000
        }, {
          "values": ["0"],
          "time": 1556226600000000
        }, {
          "values": ["0"],
          "time": 1556226300000000
        }, {
          "values": ["0"],
          "time": 1556226000000000
        }, {
          "values": ["0"],
          "time": 1556225700000000
        }, {
          "values": ["0"],
          "time": 1556225400000000
        }, {
          "values": ["0"],
          "time": 1556225100000000
        }, {
          "values": ["0"],
          "time": 1556224800000000
        }, {
          "values": ["0"],
          "time": 1556224500000000
        }, {
          "values": ["0"],
          "time": 1556224200000000
        }, {
          "values": ["0"],
          "time": 1556223900000000
        }, {
          "values": ["0"],
          "time": 1556223600000000
        }, {
          "values": ["0"],
          "time": 1556223300000000
        }, {
          "values": ["0"],
          "time": 1556223000000000
        }, {
          "values": ["0"],
          "time": 1556222700000000
        }, {
          "values": ["0"],
          "time": 1556222400000000
        }, {
          "values": ["0"],
          "time": 1556222100000000
        }, {
          "values": ["0"],
          "time": 1556221800000000
        }, {
          "values": ["0"],
          "time": 1556221500000000
        }, {
          "values": ["0"],
          "time": 1556221200000000
        }, {
          "values": ["0"],
          "time": 1556220900000000
        }, {
          "values": ["0"],
          "time": 1556220600000000
        }, {
          "values": ["0"],
          "time": 1556220300000000
        }, {
          "values": ["0"],
          "time": 1556220000000000
        }, {
          "values": ["0"],
          "time": 1556219700000000
        }, {
          "values": ["0"],
          "time": 1556219400000000
        }, {
          "values": ["0"],
          "time": 1556219100000000
        }, {
          "values": ["0"],
          "time": 1556218800000000
        }, {
          "values": ["0"],
          "time": 1556218500000000
        }, {
          "values": ["0"],
          "time": 1556218200000000
        }, {
          "values": ["0"],
          "time": 1556217900000000
        }, {
          "values": ["0"],
          "time": 1556217600000000
        }, {
          "values": ["0"],
          "time": 1556217300000000
        }, {
          "values": ["0"],
          "time": 1556217000000000
        }, {
          "values": ["0"],
          "time": 1556216700000000
        }, {
          "values": ["0"],
          "time": 1556216400000000
        }, {
          "values": ["0"],
          "time": 1556216100000000
        }, {
          "values": ["0"],
          "time": 1556215800000000
        }, {
          "values": ["0"],
          "time": 1556215500000000
        }, {
          "values": ["0"],
          "time": 1556215200000000
        }, {
          "values": ["0"],
          "time": 1556214900000000
        }, {
          "values": ["0"],
          "time": 1556214600000000
        }, {
          "values": ["0"],
          "time": 1556214300000000
        }, {
          "values": ["0"],
          "time": 1556214000000000
        }, {
          "values": ["0"],
          "time": 1556213700000000
        }, {
          "values": ["0"],
          "time": 1556213400000000
        }, {
          "values": ["0"],
          "time": 1556213100000000
        }, {
          "values": ["0"],
          "time": 1556212800000000
        }, {
          "values": ["0"],
          "time": 1556212500000000
        }, {
          "values": ["0"],
          "time": 1556212200000000
        }, {
          "values": ["0"],
          "time": 1556211900000000
        }, {
          "values": ["0"],
          "time": 1556211600000000
        }, {
          "values": ["0"],
          "time": 1556211300000000
        }, {
          "values": ["0"],
          "time": 1556211000000000
        }, {
          "values": ["0"],
          "time": 1556210700000000
        }, {
          "values": ["0"],
          "time": 1556210400000000
        }, {
          "values": ["0"],
          "time": 1556210100000000
        }, {
          "values": ["0"],
          "time": 1556209800000000
        }, {
          "values": ["0"],
          "time": 1556209500000000
        }, {
          "values": ["0"],
          "time": 1556209200000000
        }, {
          "values": ["0"],
          "time": 1556208900000000
        }, {
          "values": ["0"],
          "time": 1556208600000000
        }, {
          "values": ["0"],
          "time": 1556208300000000
        }, {
          "values": ["0"],
          "time": 1556208000000000
        }, {
          "values": ["0"],
          "time": 1556207700000000
        }, {
          "values": ["0"],
          "time": 1556207400000000
        }, {
          "values": ["0"],
          "time": 1556207100000000
        }, {
          "values": ["0"],
          "time": 1556206800000000
        }, {
          "values": ["0"],
          "time": 1556206500000000
        }, {
          "values": ["0"],
          "time": 1556206200000000
        }, {
          "values": ["0"],
          "time": 1556205900000000
        }, {
          "values": ["0"],
          "time": 1556205600000000
        }, {
          "values": ["0"],
          "time": 1556205300000000
        }, {
          "values": ["0"],
          "time": 1556205000000000
        }, {
          "values": ["0"],
          "time": 1556204700000000
        }, {
          "values": ["0"],
          "time": 1556204400000000
        }, {
          "values": ["0"],
          "time": 1556204100000000
        }, {
          "values": ["0"],
          "time": 1556203800000000
        }, {
          "values": ["0"],
          "time": 1556203500000000
        }, {
          "values": ["0"],
          "time": 1556203200000000
        }, {
          "values": ["0"],
          "time": 1556202900000000
        }, {
          "values": ["0"],
          "time": 1556202600000000
        }, {
          "values": ["0"],
          "time": 1556202300000000
        }, {
          "values": ["0"],
          "time": 1556202000000000
        }, {
          "values": ["0"],
          "time": 1556201700000000
        }, {
          "values": ["0"],
          "time": 1556201400000000
        }, {
          "values": ["0"],
          "time": 1556201100000000
        }, {
          "values": ["0"],
          "time": 1556200800000000
        }, {
          "values": ["0"],
          "time": 1556200500000000
        }, {
          "values": ["0"],
          "time": 1556200200000000
        }, {
          "values": ["0"],
          "time": 1556199900000000
        }, {
          "values": ["0"],
          "time": 1556199600000000
        }, {
          "values": ["0"],
          "time": 1556199300000000
        }, {
          "values": ["0"],
          "time": 1556199000000000
        }, {
          "values": ["0"],
          "time": 1556198700000000
        }, {
          "values": ["0"],
          "time": 1556198400000000
        }, {
          "values": ["0"],
          "time": 1556198100000000
        }, {
          "values": ["0"],
          "time": 1556197800000000
        }, {
          "values": ["0"],
          "time": 1556197500000000
        }, {
          "values": ["0"],
          "time": 1556197200000000
        }, {
          "values": ["0"],
          "time": 1556196900000000
        }, {
          "values": ["0"],
          "time": 1556196600000000
        }, {
          "values": ["0"],
          "time": 1556196300000000
        }, {
          "values": ["0"],
          "time": 1556196000000000
        }, {
          "values": ["0"],
          "time": 1556195700000000
        }, {
          "values": ["0"],
          "time": 1556195400000000
        }, {
          "values": ["0"],
          "time": 1556195100000000
        }, {
          "values": ["0"],
          "time": 1556194800000000
        }, {
          "values": ["0"],
          "time": 1556194500000000
        }, {
          "values": ["0"],
          "time": 1556194200000000
        }, {
          "values": ["0"],
          "time": 1556193900000000
        }, {
          "values": ["0"],
          "time": 1556193600000000
        }, {
          "values": ["0"],
          "time": 1556193300000000
        }, {
          "values": ["0"],
          "time": 1556193000000000
        }, {
          "values": ["0"],
          "time": 1556192700000000
        }, {
          "values": ["0"],
          "time": 1556192400000000
        }, {
          "values": ["0"],
          "time": 1556192100000000
        }, {
          "values": ["0"],
          "time": 1556191800000000
        }, {
          "values": ["0"],
          "time": 1556191500000000
        }, {
          "values": ["0"],
          "time": 1556191200000000
        }, {
          "values": ["0"],
          "time": 1556190900000000
        }, {
          "values": ["0"],
          "time": 1556190600000000
        }, {
          "values": ["0"],
          "time": 1556190300000000
        }, {
          "values": ["0"],
          "time": 1556190000000000
        }, {
          "values": ["0"],
          "time": 1556189700000000
        }, {
          "values": ["0"],
          "time": 1556189400000000
        }, {
          "values": ["0"],
          "time": 1556189100000000
        }, {
          "values": ["0"],
          "time": 1556188800000000
        }, {
          "values": ["0"],
          "time": 1556188500000000
        }, {
          "values": ["0"],
          "time": 1556188200000000
        }, {
          "values": ["0"],
          "time": 1556187900000000
        }, {
          "values": ["0"],
          "time": 1556187600000000
        }, {
          "values": ["0"],
          "time": 1556187300000000
        }, {
          "values": ["0"],
          "time": 1556187000000000
        }, {
          "values": ["0"],
          "time": 1556186700000000
        }, {
          "values": ["0"],
          "time": 1556186400000000
        }, {
          "values": ["0"],
          "time": 1556186100000000
        }, {
          "values": ["0"],
          "time": 1556185800000000
        }, {
          "values": ["0"],
          "time": 1556185500000000
        }, {
          "values": ["0"],
          "time": 1556185200000000
        }, {
          "values": ["0"],
          "time": 1556184900000000
        }, {
          "values": ["0"],
          "time": 1556184600000000
        }, {
          "values": ["0"],
          "time": 1556184300000000
        }, {
          "values": ["0"],
          "time": 1556184000000000
        }, {
          "values": ["0"],
          "time": 1556183700000000
        }, {
          "values": ["0"],
          "time": 1556183400000000
        }, {
          "values": ["0"],
          "time": 1556183100000000
        }, {
          "values": ["0"],
          "time": 1556182800000000
        }, {
          "values": ["0"],
          "time": 1556182500000000
        }, {
          "values": ["0"],
          "time": 1556182200000000
        }, {
          "values": ["0"],
          "time": 1556181900000000
        }, {
          "values": ["0"],
          "time": 1556181600000000
        }, {
          "values": ["0"],
          "time": 1556181300000000
        }, {
          "values": ["0"],
          "time": 1556181000000000
        }, {
          "values": ["0"],
          "time": 1556180700000000
        }, {
          "values": ["0"],
          "time": 1556180400000000
        }, {
          "values": ["0"],
          "time": 1556180100000000
        }, {
          "values": ["0"],
          "time": 1556179800000000
        }, {
          "values": ["0"],
          "time": 1556179500000000
        }, {
          "values": ["0"],
          "time": 1556179200000000
        }, {
          "values": ["0"],
          "time": 1556178900000000
        }, {
          "values": ["0"],
          "time": 1556178600000000
        }, {
          "values": ["0"],
          "time": 1556178300000000
        }, {
          "values": ["0"],
          "time": 1556178000000000
        }, {
          "values": ["0"],
          "time": 1556177700000000
        }, {
          "values": ["0"],
          "time": 1556177400000000
        }, {
          "values": ["0"],
          "time": 1556177100000000
        }, {
          "values": ["0"],
          "time": 1556176800000000
        }, {
          "values": ["0"],
          "time": 1556176500000000
        }, {
          "values": ["0"],
          "time": 1556176200000000
        }, {
          "values": ["0"],
          "time": 1556175900000000
        }, {
          "values": ["0"],
          "time": 1556175600000000
        }, {
          "values": ["0"],
          "time": 1556175300000000
        }, {
          "values": ["0"],
          "time": 1556175000000000
        }, {
          "values": ["0"],
          "time": 1556174700000000
        }, {
          "values": ["0"],
          "time": 1556174400000000
        }, {
          "values": ["0"],
          "time": 1556174100000000
        }, {
          "values": ["0"],
          "time": 1556173800000000
        }, {
          "values": ["0"],
          "time": 1556173500000000
        }, {
          "values": ["0"],
          "time": 1556173200000000
        }, {
          "values": ["0"],
          "time": 1556172900000000
        }, {
          "values": ["0"],
          "time": 1556172600000000
        }, {
          "values": ["0"],
          "time": 1556172300000000
        }, {
          "values": ["0"],
          "time": 1556172000000000
        }, {
          "values": ["0"],
          "time": 1556171700000000
        }, {
          "values": ["0"],
          "time": 1556171400000000
        }, {
          "values": ["0"],
          "time": 1556171100000000
        }, {
          "values": ["0"],
          "time": 1556170800000000
        }, {
          "values": ["0"],
          "time": 1556170500000000
        }, {
          "values": ["0"],
          "time": 1556170200000000
        }, {
          "values": ["0"],
          "time": 1556169900000000
        }, {
          "values": ["0"],
          "time": 1556169600000000
        }, {
          "values": ["0"],
          "time": 1556169300000000
        }, {
          "values": ["0"],
          "time": 1556169000000000
        }, {
          "values": ["0"],
          "time": 1556168700000000
        }, {
          "values": ["0"],
          "time": 1556168400000000
        }, {
          "values": ["0"],
          "time": 1556168100000000
        }, {
          "values": ["0"],
          "time": 1556167800000000
        }, {
          "values": ["0"],
          "time": 1556167500000000
        }, {
          "values": ["0"],
          "time": 1556167200000000
        }, {
          "values": ["0"],
          "time": 1556166900000000
        }, {
          "values": ["0"],
          "time": 1556166600000000
        }, {
          "values": ["0"],
          "time": 1556166300000000
        }, {
          "values": ["0"],
          "time": 1556166000000000
        }, {
          "values": ["0"],
          "time": 1556165700000000
        }, {
          "values": ["0"],
          "time": 1556165400000000
        }, {
          "values": ["0"],
          "time": 1556165100000000
        }, {
          "values": ["0"],
          "time": 1556164800000000
        }, {
          "values": ["0"],
          "time": 1556164500000000
        }, {
          "values": ["0"],
          "time": 1556164200000000
        }, {
          "values": ["0"],
          "time": 1556163900000000
        }, {
          "values": ["0"],
          "time": 1556163600000000
        }, {
          "values": ["0"],
          "time": 1556163300000000
        }, {
          "values": ["0"],
          "time": 1556163000000000
        }, {
          "values": ["0"],
          "time": 1556162700000000
        }, {
          "values": ["0"],
          "time": 1556162400000000
        }, {
          "values": ["0"],
          "time": 1556162100000000
        }, {
          "values": ["0"],
          "time": 1556161800000000
        }, {
          "values": ["0"],
          "time": 1556161500000000
        }, {
          "values": ["0"],
          "time": 1556161200000000
        }, {
          "values": ["0"],
          "time": 1556160900000000
        }, {
          "values": ["0"],
          "time": 1556160600000000
        }, {
          "values": ["0"],
          "time": 1556160300000000
        }, {
          "values": ["0"],
          "time": 1556160000000000
        }, {
          "values": ["0"],
          "time": 1556159700000000
        }, {
          "values": ["0"],
          "time": 1556159400000000
        }, {
          "values": ["0"],
          "time": 1556159100000000
        }, {
          "values": ["0"],
          "time": 1556158800000000
        }, {
          "values": ["0"],
          "time": 1556158500000000
        }, {
          "values": ["0"],
          "time": 1556158200000000
        }, {
          "values": ["0"],
          "time": 1556157900000000
        }, {
          "values": ["0"],
          "time": 1556157600000000
        }, {
          "values": ["0"],
          "time": 1556157300000000
        }, {
          "values": ["0"],
          "time": 1556157000000000
        }, {
          "values": ["0"],
          "time": 1556156700000000
        }, {
          "values": ["0"],
          "time": 1556156400000000
        }, {
          "values": ["0"],
          "time": 1556156100000000
        }, {
          "values": ["0"],
          "time": 1556155800000000
        }, {
          "values": ["0"],
          "time": 1556155500000000
        }, {
          "values": ["0"],
          "time": 1556155200000000
        }, {
          "values": ["0"],
          "time": 1556154900000000
        }, {
          "values": ["0"],
          "time": 1556154600000000
        }, {
          "values": ["0"],
          "time": 1556154300000000
        }, {
          "values": ["0"],
          "time": 1556154000000000
        }, {
          "values": ["0"],
          "time": 1556153700000000
        }, {
          "values": ["0"],
          "time": 1556153400000000
        }, {
          "values": ["0"],
          "time": 1556153100000000
        }, {
          "values": ["0"],
          "time": 1556152800000000
        }, {
          "values": ["0"],
          "time": 1556152500000000
        }, {
          "values": ["0"],
          "time": 1556152200000000
        }, {
          "values": ["0"],
          "time": 1556151900000000
        }, {
          "values": ["0"],
          "time": 1556151600000000
        }, {
          "values": ["0"],
          "time": 1556151300000000
        }, {
          "values": ["0"],
          "time": 1556151000000000
        }, {
          "values": ["0"],
          "time": 1556150700000000
        }, {
          "values": ["0"],
          "time": 1556150400000000
        }, {
          "values": ["0"],
          "time": 1556150100000000
        }, {
          "values": ["0"],
          "time": 1556149800000000
        }, {
          "values": ["0"],
          "time": 1556149500000000
        }, {
          "values": ["0"],
          "time": 1556149200000000
        }, {
          "values": ["0"],
          "time": 1556148900000000
        }, {
          "values": ["0"],
          "time": 1556148600000000
        }, {
          "values": ["0"],
          "time": 1556148300000000
        }, {
          "values": ["0"],
          "time": 1556148000000000
        }, {
          "values": ["0"],
          "time": 1556147700000000
        }, {
          "values": ["0"],
          "time": 1556147400000000
        }, {
          "values": ["0"],
          "time": 1556147100000000
        }, {
          "values": ["0"],
          "time": 1556146800000000
        }, {
          "values": ["0"],
          "time": 1556146500000000
        }, {
          "values": ["0"],
          "time": 1556146200000000
        }, {
          "values": ["0"],
          "time": 1556145900000000
        }, {
          "values": ["0"],
          "time": 1556145600000000
        }, {
          "values": ["0"],
          "time": 1556145300000000
        }, {
          "values": ["0"],
          "time": 1556145000000000
        }, {
          "values": ["0"],
          "time": 1556144700000000
        }],
        "name": "capacity.number_of_connections.lower_buff"
      }, {
        "values": [{
          "values": ["199000"],
          "time": 1556228400000000
        }, {
          "values": ["197000"],
          "time": 1556228100000000
        }, {
          "values": ["200000"],
          "time": 1556227800000000
        }, {
          "values": ["199000"],
          "time": 1556227500000000
        }, {
          "values": ["203000"],
          "time": 1556227200000000
        }, {
          "values": ["202000"],
          "time": 1556226900000000
        }, {
          "values": ["197000"],
          "time": 1556226600000000
        }, {
          "values": ["201000"],
          "time": 1556226300000000
        }, {
          "values": ["198000"],
          "time": 1556226000000000
        }, {
          "values": ["198000"],
          "time": 1556225700000000
        }, {
          "values": ["203000"],
          "time": 1556225400000000
        }, {
          "values": ["198000"],
          "time": 1556225100000000
        }, {
          "values": ["197000"],
          "time": 1556224800000000
        }, {
          "values": ["198000"],
          "time": 1556224500000000
        }, {
          "values": ["198000"],
          "time": 1556224200000000
        }, {
          "values": ["202000"],
          "time": 1556223900000000
        }, {
          "values": ["203000"],
          "time": 1556223600000000
        }, {
          "values": ["198000"],
          "time": 1556223300000000
        }, {
          "values": ["197000"],
          "time": 1556223000000000
        }, {
          "values": ["199000"],
          "time": 1556222700000000
        }, {
          "values": ["201000"],
          "time": 1556222400000000
        }, {
          "values": ["197000"],
          "time": 1556222100000000
        }, {
          "values": ["198000"],
          "time": 1556221800000000
        }, {
          "values": ["198000"],
          "time": 1556221500000000
        }, {
          "values": ["199000"],
          "time": 1556221200000000
        }, {
          "values": ["199000"],
          "time": 1556220900000000
        }, {
          "values": ["201000"],
          "time": 1556220600000000
        }, {
          "values": ["202000"],
          "time": 1556220300000000
        }, {
          "values": ["203000"],
          "time": 1556220000000000
        }, {
          "values": ["201000"],
          "time": 1556219700000000
        }, {
          "values": ["197000"],
          "time": 1556219400000000
        }, {
          "values": ["200000"],
          "time": 1556219100000000
        }, {
          "values": ["201000"],
          "time": 1556218800000000
        }, {
          "values": ["202000"],
          "time": 1556218500000000
        }, {
          "values": ["202000"],
          "time": 1556218200000000
        }, {
          "values": ["199000"],
          "time": 1556217900000000
        }, {
          "values": ["202000"],
          "time": 1556217600000000
        }, {
          "values": ["203000"],
          "time": 1556217300000000
        }, {
          "values": ["202000"],
          "time": 1556217000000000
        }, {
          "values": ["197000"],
          "time": 1556216700000000
        }, {
          "values": ["198000"],
          "time": 1556216400000000
        }, {
          "values": ["201000"],
          "time": 1556216100000000
        }, {
          "values": ["199000"],
          "time": 1556215800000000
        }, {
          "values": ["199000"],
          "time": 1556215500000000
        }, {
          "values": ["203000"],
          "time": 1556215200000000
        }, {
          "values": ["197000"],
          "time": 1556214900000000
        }, {
          "values": ["202000"],
          "time": 1556214600000000
        }, {
          "values": ["197000"],
          "time": 1556214300000000
        }, {
          "values": ["201000"],
          "time": 1556214000000000
        }, {
          "values": ["199000"],
          "time": 1556213700000000
        }, {
          "values": ["200000"],
          "time": 1556213400000000
        }, {
          "values": ["202000"],
          "time": 1556213100000000
        }, {
          "values": ["199000"],
          "time": 1556212800000000
        }, {
          "values": ["199000"],
          "time": 1556212500000000
        }, {
          "values": ["202000"],
          "time": 1556212200000000
        }, {
          "values": ["200000"],
          "time": 1556211900000000
        }, {
          "values": ["201000"],
          "time": 1556211600000000
        }, {
          "values": ["197000"],
          "time": 1556211300000000
        }, {
          "values": ["202000"],
          "time": 1556211000000000
        }, {
          "values": ["200000"],
          "time": 1556210700000000
        }, {
          "values": ["197000"],
          "time": 1556210400000000
        }, {
          "values": ["199000"],
          "time": 1556210100000000
        }, {
          "values": ["201000"],
          "time": 1556209800000000
        }, {
          "values": ["201000"],
          "time": 1556209500000000
        }, {
          "values": ["203000"],
          "time": 1556209200000000
        }, {
          "values": ["198000"],
          "time": 1556208900000000
        }, {
          "values": ["198000"],
          "time": 1556208600000000
        }, {
          "values": ["198000"],
          "time": 1556208300000000
        }, {
          "values": ["200000"],
          "time": 1556208000000000
        }, {
          "values": ["200000"],
          "time": 1556207700000000
        }, {
          "values": ["202000"],
          "time": 1556207400000000
        }, {
          "values": ["199000"],
          "time": 1556207100000000
        }, {
          "values": ["200000"],
          "time": 1556206800000000
        }, {
          "values": ["197000"],
          "time": 1556206500000000
        }, {
          "values": ["198000"],
          "time": 1556206200000000
        }, {
          "values": ["199000"],
          "time": 1556205900000000
        }, {
          "values": ["203000"],
          "time": 1556205600000000
        }, {
          "values": ["198000"],
          "time": 1556205300000000
        }, {
          "values": ["203000"],
          "time": 1556205000000000
        }, {
          "values": ["200000"],
          "time": 1556204700000000
        }, {
          "values": ["202000"],
          "time": 1556204400000000
        }, {
          "values": ["200000"],
          "time": 1556204100000000
        }, {
          "values": ["202000"],
          "time": 1556203800000000
        }, {
          "values": ["199000"],
          "time": 1556203500000000
        }, {
          "values": ["200000"],
          "time": 1556203200000000
        }, {
          "values": ["199000"],
          "time": 1556202900000000
        }, {
          "values": ["199000"],
          "time": 1556202600000000
        }, {
          "values": ["203000"],
          "time": 1556202300000000
        }, {
          "values": ["202000"],
          "time": 1556202000000000
        }, {
          "values": ["203000"],
          "time": 1556201700000000
        }, {
          "values": ["201000"],
          "time": 1556201400000000
        }, {
          "values": ["202000"],
          "time": 1556201100000000
        }, {
          "values": ["198000"],
          "time": 1556200800000000
        }, {
          "values": ["202000"],
          "time": 1556200500000000
        }, {
          "values": ["200000"],
          "time": 1556200200000000
        }, {
          "values": ["202000"],
          "time": 1556199900000000
        }, {
          "values": ["201000"],
          "time": 1556199600000000
        }, {
          "values": ["203000"],
          "time": 1556199300000000
        }, {
          "values": ["200000"],
          "time": 1556199000000000
        }, {
          "values": ["198000"],
          "time": 1556198700000000
        }, {
          "values": ["197000"],
          "time": 1556198400000000
        }, {
          "values": ["200000"],
          "time": 1556198100000000
        }, {
          "values": ["201000"],
          "time": 1556197800000000
        }, {
          "values": ["201000"],
          "time": 1556197500000000
        }, {
          "values": ["198000"],
          "time": 1556197200000000
        }, {
          "values": ["203000"],
          "time": 1556196900000000
        }, {
          "values": ["201000"],
          "time": 1556196600000000
        }, {
          "values": ["202000"],
          "time": 1556196300000000
        }, {
          "values": ["198000"],
          "time": 1556196000000000
        }, {
          "values": ["200000"],
          "time": 1556195700000000
        }, {
          "values": ["200000"],
          "time": 1556195400000000
        }, {
          "values": ["201000"],
          "time": 1556195100000000
        }, {
          "values": ["203000"],
          "time": 1556194800000000
        }, {
          "values": ["200000"],
          "time": 1556194500000000
        }, {
          "values": ["200000"],
          "time": 1556194200000000
        }, {
          "values": ["197000"],
          "time": 1556193900000000
        }, {
          "values": ["199000"],
          "time": 1556193600000000
        }, {
          "values": ["203000"],
          "time": 1556193300000000
        }, {
          "values": ["203000"],
          "time": 1556193000000000
        }, {
          "values": ["203000"],
          "time": 1556192700000000
        }, {
          "values": ["7000"],
          "time": 1556192400000000
        }, {
          "values": ["13000"],
          "time": 1556192100000000
        }, {
          "values": ["12000"],
          "time": 1556191800000000
        }, {
          "values": ["9000"],
          "time": 1556191500000000
        }, {
          "values": ["13000"],
          "time": 1556191200000000
        }, {
          "values": ["8000"],
          "time": 1556190900000000
        }, {
          "values": ["9000"],
          "time": 1556190600000000
        }, {
          "values": ["12000"],
          "time": 1556190300000000
        }, {
          "values": ["9000"],
          "time": 1556190000000000
        }, {
          "values": ["13000"],
          "time": 1556189700000000
        }, {
          "values": ["12000"],
          "time": 1556189400000000
        }, {
          "values": ["7000"],
          "time": 1556189100000000
        }, {
          "values": ["13000"],
          "time": 1556188800000000
        }, {
          "values": ["10000"],
          "time": 1556188500000000
        }, {
          "values": ["7000"],
          "time": 1556188200000000
        }, {
          "values": ["9000"],
          "time": 1556187900000000
        }, {
          "values": ["7000"],
          "time": 1556187600000000
        }, {
          "values": ["8000"],
          "time": 1556187300000000
        }, {
          "values": ["7000"],
          "time": 1556187000000000
        }, {
          "values": ["10000"],
          "time": 1556186700000000
        }, {
          "values": ["12000"],
          "time": 1556186400000000
        }, {
          "values": ["12000"],
          "time": 1556186100000000
        }, {
          "values": ["11000"],
          "time": 1556185800000000
        }, {
          "values": ["7000"],
          "time": 1556185500000000
        }, {
          "values": ["7000"],
          "time": 1556185200000000
        }, {
          "values": ["9000"],
          "time": 1556184900000000
        }, {
          "values": ["11000"],
          "time": 1556184600000000
        }, {
          "values": ["11000"],
          "time": 1556184300000000
        }, {
          "values": ["11000"],
          "time": 1556184000000000
        }, {
          "values": ["13000"],
          "time": 1556183700000000
        }, {
          "values": ["8000"],
          "time": 1556183400000000
        }, {
          "values": ["11000"],
          "time": 1556183100000000
        }, {
          "values": ["13000"],
          "time": 1556182800000000
        }, {
          "values": ["9000"],
          "time": 1556182500000000
        }, {
          "values": ["7000"],
          "time": 1556182200000000
        }, {
          "values": ["12000"],
          "time": 1556181900000000
        }, {
          "values": ["12000"],
          "time": 1556181600000000
        }, {
          "values": ["12000"],
          "time": 1556181300000000
        }, {
          "values": ["12000"],
          "time": 1556181000000000
        }, {
          "values": ["8000"],
          "time": 1556180700000000
        }, {
          "values": ["13000"],
          "time": 1556180400000000
        }, {
          "values": ["12000"],
          "time": 1556180100000000
        }, {
          "values": ["11000"],
          "time": 1556179800000000
        }, {
          "values": ["12000"],
          "time": 1556179500000000
        }, {
          "values": ["10000"],
          "time": 1556179200000000
        }, {
          "values": ["7000"],
          "time": 1556178900000000
        }, {
          "values": ["10000"],
          "time": 1556178600000000
        }, {
          "values": ["10000"],
          "time": 1556178300000000
        }, {
          "values": ["8000"],
          "time": 1556178000000000
        }, {
          "values": ["13000"],
          "time": 1556177700000000
        }, {
          "values": ["8000"],
          "time": 1556177400000000
        }, {
          "values": ["11000"],
          "time": 1556177100000000
        }, {
          "values": ["10000"],
          "time": 1556176800000000
        }, {
          "values": ["12000"],
          "time": 1556176500000000
        }, {
          "values": ["9000"],
          "time": 1556176200000000
        }, {
          "values": ["11000"],
          "time": 1556175900000000
        }, {
          "values": ["8000"],
          "time": 1556175600000000
        }, {
          "values": ["8000"],
          "time": 1556175300000000
        }, {
          "values": ["13000"],
          "time": 1556175000000000
        }, {
          "values": ["7000"],
          "time": 1556174700000000
        }, {
          "values": ["10000"],
          "time": 1556174400000000
        }, {
          "values": ["9000"],
          "time": 1556174100000000
        }, {
          "values": ["8000"],
          "time": 1556173800000000
        }, {
          "values": ["11000"],
          "time": 1556173500000000
        }, {
          "values": ["12000"],
          "time": 1556173200000000
        }, {
          "values": ["10000"],
          "time": 1556172900000000
        }, {
          "values": ["7000"],
          "time": 1556172600000000
        }, {
          "values": ["13000"],
          "time": 1556172300000000
        }, {
          "values": ["7000"],
          "time": 1556172000000000
        }, {
          "values": ["12000"],
          "time": 1556171700000000
        }, {
          "values": ["11000"],
          "time": 1556171400000000
        }, {
          "values": ["7000"],
          "time": 1556171100000000
        }, {
          "values": ["7000"],
          "time": 1556170800000000
        }, {
          "values": ["9000"],
          "time": 1556170500000000
        }, {
          "values": ["11000"],
          "time": 1556170200000000
        }, {
          "values": ["7000"],
          "time": 1556169900000000
        }, {
          "values": ["11000"],
          "time": 1556169600000000
        }, {
          "values": ["7000"],
          "time": 1556169300000000
        }, {
          "values": ["11000"],
          "time": 1556169000000000
        }, {
          "values": ["7000"],
          "time": 1556168700000000
        }, {
          "values": ["13000"],
          "time": 1556168400000000
        }, {
          "values": ["9000"],
          "time": 1556168100000000
        }, {
          "values": ["11000"],
          "time": 1556167800000000
        }, {
          "values": ["7000"],
          "time": 1556167500000000
        }, {
          "values": ["8000"],
          "time": 1556167200000000
        }, {
          "values": ["8000"],
          "time": 1556166900000000
        }, {
          "values": ["8000"],
          "time": 1556166600000000
        }, {
          "values": ["11000"],
          "time": 1556166300000000
        }, {
          "values": ["9000"],
          "time": 1556166000000000
        }, {
          "values": ["7000"],
          "time": 1556165700000000
        }, {
          "values": ["12000"],
          "time": 1556165400000000
        }, {
          "values": ["7000"],
          "time": 1556165100000000
        }, {
          "values": ["12000"],
          "time": 1556164800000000
        }, {
          "values": ["12000"],
          "time": 1556164500000000
        }, {
          "values": ["12000"],
          "time": 1556164200000000
        }, {
          "values": ["9000"],
          "time": 1556163900000000
        }, {
          "values": ["9000"],
          "time": 1556163600000000
        }, {
          "values": ["9000"],
          "time": 1556163300000000
        }, {
          "values": ["9000"],
          "time": 1556163000000000
        }, {
          "values": ["13000"],
          "time": 1556162700000000
        }, {
          "values": ["12000"],
          "time": 1556162400000000
        }, {
          "values": ["12000"],
          "time": 1556162100000000
        }, {
          "values": ["9000"],
          "time": 1556161800000000
        }, {
          "values": ["10000"],
          "time": 1556161500000000
        }, {
          "values": ["7000"],
          "time": 1556161200000000
        }, {
          "values": ["10000"],
          "time": 1556160900000000
        }, {
          "values": ["11000"],
          "time": 1556160600000000
        }, {
          "values": ["13000"],
          "time": 1556160300000000
        }, {
          "values": ["10000"],
          "time": 1556160000000000
        }, {
          "values": ["13000"],
          "time": 1556159700000000
        }, {
          "values": ["10000"],
          "time": 1556159400000000
        }, {
          "values": ["12000"],
          "time": 1556159100000000
        }, {
          "values": ["13000"],
          "time": 1556158800000000
        }, {
          "values": ["12000"],
          "time": 1556158500000000
        }, {
          "values": ["10000"],
          "time": 1556158200000000
        }, {
          "values": ["7000"],
          "time": 1556157900000000
        }, {
          "values": ["8000"],
          "time": 1556157600000000
        }, {
          "values": ["8000"],
          "time": 1556157300000000
        }, {
          "values": ["12000"],
          "time": 1556157000000000
        }, {
          "values": ["8000"],
          "time": 1556156700000000
        }, {
          "values": ["13000"],
          "time": 1556156400000000
        }, {
          "values": ["8000"],
          "time": 1556156100000000
        }, {
          "values": ["13000"],
          "time": 1556155800000000
        }, {
          "values": ["8000"],
          "time": 1556155500000000
        }, {
          "values": ["10000"],
          "time": 1556155200000000
        }, {
          "values": ["9000"],
          "time": 1556154900000000
        }, {
          "values": ["8000"],
          "time": 1556154600000000
        }, {
          "values": ["13000"],
          "time": 1556154300000000
        }, {
          "values": ["8000"],
          "time": 1556154000000000
        }, {
          "values": ["7000"],
          "time": 1556153700000000
        }, {
          "values": ["13000"],
          "time": 1556153400000000
        }, {
          "values": ["12000"],
          "time": 1556153100000000
        }, {
          "values": ["10000"],
          "time": 1556152800000000
        }, {
          "values": ["8000"],
          "time": 1556152500000000
        }, {
          "values": ["9000"],
          "time": 1556152200000000
        }, {
          "values": ["13000"],
          "time": 1556151900000000
        }, {
          "values": ["10000"],
          "time": 1556151600000000
        }, {
          "values": ["13000"],
          "time": 1556151300000000
        }, {
          "values": ["7000"],
          "time": 1556151000000000
        }, {
          "values": ["7000"],
          "time": 1556150700000000
        }, {
          "values": ["7000"],
          "time": 1556150400000000
        }, {
          "values": ["13000"],
          "time": 1556150100000000
        }, {
          "values": ["7000"],
          "time": 1556149800000000
        }, {
          "values": ["13000"],
          "time": 1556149500000000
        }, {
          "values": ["7000"],
          "time": 1556149200000000
        }, {
          "values": ["7000"],
          "time": 1556148900000000
        }, {
          "values": ["11000"],
          "time": 1556148600000000
        }, {
          "values": ["8000"],
          "time": 1556148300000000
        }, {
          "values": ["9000"],
          "time": 1556148000000000
        }, {
          "values": ["12000"],
          "time": 1556147700000000
        }, {
          "values": ["11000"],
          "time": 1556147400000000
        }, {
          "values": ["10000"],
          "time": 1556147100000000
        }, {
          "values": ["12000"],
          "time": 1556146800000000
        }, {
          "values": ["7000"],
          "time": 1556146500000000
        }, {
          "values": ["10000"],
          "time": 1556146200000000
        }, {
          "values": ["11000"],
          "time": 1556145900000000
        }, {
          "values": ["8000"],
          "time": 1556145600000000
        }, {
          "values": ["10000"],
          "time": 1556145300000000
        }, {
          "values": ["13000"],
          "time": 1556145000000000
        }, {
          "values": ["10000"],
          "time": 1556144700000000
        }],
        "name": "number_of_connections"
      }, {
        "values": [{
          "values": ["1556228702229477"],
          "time": 1556228702229477
        }],
        "name": "_created_timestamp_usecs_"
      }]
    }],
    "group_by_column_value": "",
    "total_entity_count": 1,
    "group_summaries": {}
  }],
  "total_group_count": 1
}