{"tickets":[{"creation_time":"2020-01-06T11:13:23.547Z","key":39832,"task_status":"Resolved","alert_name":"VM PrismProServer Memory is Constrained","alert_id":"ce38ab7e-9f8a-4021-bfc6-0148c02f034c","vm_name":"PrismProServer","vm_id":"8ff92d6b-ea6e-4920-8b30-2c8b40458fe0"},{"creation_time":"2020-01-06T11:17:13.993Z","key":51219,"task_status":"Open","alert_name":"VM PrismProServer Memory is Constrained","alert_id":"1a23f39d-3169-4c9e-ad61-d06b3b8e97da","vm_name":"PrismProServer","vm_id":"8ff92d6b-ea6e-4920-8b30-2c8b40458fe0"},{"creation_time":"2020-01-06T11:24:17.242Z","key":34738,"task_status":"Open","alert_name":"VM PrismProServer Memory is Constrained","alert_id":"65d75081-5b43-4957-9c0a-92427de6c947","vm_name":"PrismProServer","vm_id":"8ff92d6b-ea6e-4920-8b30-2c8b40458fe0"}]}