{
  "all": {"entity_type": "mh_vm", "filtered_group_count": 1, "total_entity_count": 11, "filtered_entity_count": 5, "group_results": [{"entity_results": [{"entity_id": "bootcamp_constrained_1", "data": [{"values": [{"values": ["bootcamp_constrained_1"], "time": 1569380863449362}], "name": "vm_name"}, {"values": [{"values": ["Constrained"], "time": 1569531600000000}], "name": "capacity.vm_efficiency_status"}, {"values": [{"values": ["{\"constrained_vm\": {\"memory\": {\"memory_usage_ppm\": \"Max hourly average memory usage (92.52%) exceeded the threshold (90%) during the last 21 days.\"}}}"], "time": 1569531600000000}], "name": "capacity.vm_efficiency_detail"}, {"values": [{"values": ["Prism-Pro-Cluster"], "time": 1569380863449362}], "name": "cluster_name"}, {"values": [{"values": ["00057d50-00df-b390-0000-00000000eafd"], "time": 1569380863449362}], "name": "cluster"}, {"values": [], "name": "is_cvm"}, {"values": [], "name": "is_acropolis_vm"}, {"values": [], "name": "ngt.enabled"}, {"values": [], "name": "num_vcpus"}, {"values": [], "name": "hypervisor_type"}, {"values": [], "name": "is_live_migratable"}, {"values": [], "name": "gpus_in_use"}, {"values": [], "name": "network_security_rule_id_list"}, {"values": [], "name": "vm_annotation"}, {"values": [], "name": "vm_type"}, {"values": [], "name": "power_state"}, {"values": [], "name": "protection_type"}, {"values": [], "name": "ngt.enabled_applications"}, {"values": [], "name": "ngt.cluster_version"}, {"values": [], "name": "ngt.installed_version"}, {"values": [], "name": "node"}, {"values": [{"values": ["kComplete"], "time": 1569563701472656}], "name": "state"}, {"values": [{"values": ["kLocal"], "time": 1569563701481121}], "name": "zone_type"}]}, {"entity_id": "bootcamp_constrained_2", "data": [{"values": [{"values": ["bootcamp_constrained_2"], "time": 1569381127420481}], "name": "vm_name"}, {"values": [{"values": ["Constrained"], "time": 1569531600000000}], "name": "capacity.vm_efficiency_status"}, {"values": [{"values": ["{\"constrained_vm\": {\"memory\": {\"memory_usage_ppm\": \"Max hourly average memory usage (92.52%) exceeded the threshold (90%) during the last 21 days.\"}}}"], "time": 1569531600000000}], "name": "capacity.vm_efficiency_detail"}, {"values": [{"values": ["Prism-Pro-Cluster"], "time": 1569381127420481}], "name": "cluster_name"}, {"values": [{"values": ["00057d50-00df-b390-0000-00000000eafd"], "time": 1569381127420481}], "name": "cluster"}, {"values": [], "name": "is_cvm"}, {"values": [], "name": "is_acropolis_vm"}, {"values": [], "name": "ngt.enabled"}, {"values": [], "name": "num_vcpus"}, {"values": [], "name": "hypervisor_type"}, {"values": [], "name": "is_live_migratable"}, {"values": [], "name": "gpus_in_use"}, {"values": [], "name": "network_security_rule_id_list"}, {"values": [], "name": "vm_annotation"}, {"values": [], "name": "vm_type"}, {"values": [], "name": "power_state"}, {"values": [], "name": "protection_type"}, {"values": [], "name": "ngt.enabled_applications"}, {"values": [], "name": "ngt.cluster_version"}, {"values": [], "name": "ngt.installed_version"}, {"values": [], "name": "node"}, {"values": [{"values": ["kComplete"], "time": 1569563701472656}], "name": "state"}, {"values": [{"values": ["kLocal"], "time": 1569563701481121}], "name": "zone_type"}]}, {"entity_id": "bootcamp_inactive1", "data": [{"values": [{"values": ["bootcamp_inactive1"], "time": 1569380968780860}], "name": "vm_name"}, {"values": [{"values": ["Inactive"], "time": 1569531600000000}], "name": "capacity.vm_efficiency_status"}, {"values": [{"values": ["{\"inactive_vm\": \"The VM had low resource utilization during the last 21 days.\"}"], "time": 1569531600000000}], "name": "capacity.vm_efficiency_detail"}, {"values": [{"values": ["Prism-Pro-Cluster"], "time": 1569380968780860}], "name": "cluster_name"}, {"values": [{"values": ["00057d50-00df-b390-0000-00000000eafd"], "time": 1569380968780860}], "name": "cluster"}, {"values": [], "name": "is_cvm"}, {"values": [], "name": "is_acropolis_vm"}, {"values": [], "name": "ngt.enabled"}, {"values": [], "name": "num_vcpus"}, {"values": [], "name": "hypervisor_type"}, {"values": [], "name": "is_live_migratable"}, {"values": [], "name": "gpus_in_use"}, {"values": [], "name": "network_security_rule_id_list"}, {"values": [], "name": "vm_annotation"}, {"values": [], "name": "vm_type"}, {"values": [], "name": "power_state"}, {"values": [], "name": "protection_type"}, {"values": [], "name": "ngt.enabled_applications"}, {"values": [], "name": "ngt.cluster_version"}, {"values": [], "name": "ngt.installed_version"}, {"values": [], "name": "node"}, {"values": [{"values": ["kComplete"], "time": 1569563701472656}], "name": "state"}, {"values": [{"values": ["kLocal"], "time": 1569563701481121}], "name": "zone_type"}]}, {"entity_id": "bootcamp_overprovisioned_1", "data": [{"values": [{"values": ["bootcamp_overprovisioned_1"], "time": 1569381180145681}], "name": "vm_name"}, {"values": [{"values": ["Overprovisioned"], "time": 1569531600000000}], "name": "capacity.vm_efficiency_status"}, {"values": [{"values": ["{\"overprovisioned_vm\": {\"memory\": {\"memory_usage_ppm\": \"Max hourly average memory usage (10.0%) was less than the threshold (20%) during the last 21 days.\"}}}"], "time": 1569531600000000}], "name": "capacity.vm_efficiency_detail"}, {"values": [{"values": ["Prism-Pro-Cluster"], "time": 1569381180145681}], "name": "cluster_name"}, {"values": [{"values": ["00057d50-00df-b390-0000-00000000eafd"], "time": 1569381180145681}], "name": "cluster"}, {"values": [], "name": "is_cvm"}, {"values": [], "name": "is_acropolis_vm"}, {"values": [], "name": "ngt.enabled"}, {"values": [], "name": "num_vcpus"}, {"values": [], "name": "hypervisor_type"}, {"values": [], "name": "is_live_migratable"}, {"values": [], "name": "gpus_in_use"}, {"values": [], "name": "network_security_rule_id_list"}, {"values": [], "name": "vm_annotation"}, {"values": [], "name": "vm_type"}, {"values": [], "name": "power_state"}, {"values": [], "name": "protection_type"}, {"values": [], "name": "ngt.enabled_applications"}, {"values": [], "name": "ngt.cluster_version"}, {"values": [], "name": "ngt.installed_version"}, {"values": [], "name": "node"}, {"values": [{"values": ["kComplete"], "time": 1569563701472656}], "name": "state"}, {"values": [{"values": ["kLocal"], "time": 1569563701481121}], "name": "zone_type"}]}, {"entity_id": "bootcamp_overprovisioned_2", "data": [{"values": [{"values": ["bootcamp_overprovisioned_2"], "time": 1569381074543452}], "name": "vm_name"}, {"values": [{"values": ["Overprovisioned"], "time": 1569531600000000}], "name": "capacity.vm_efficiency_status"}, {"values": [{"values": ["{\"overprovisioned_vm\": {\"memory\": {\"memory_usage_ppm\": \"Max hourly average memory usage (10.0%) was less than the threshold (20%) during the last 21 days.\"}}}"], "time": 1569531600000000}], "name": "capacity.vm_efficiency_detail"}, {"values": [{"values": ["Prism-Pro-Cluster"], "time": 1569381074543452}], "name": "cluster_name"}, {"values": [{"values": ["00057d50-00df-b390-0000-00000000eafd"], "time": 1569381074543452}], "name": "cluster"}, {"values": [], "name": "is_cvm"}, {"values": [], "name": "is_acropolis_vm"}, {"values": [], "name": "ngt.enabled"}, {"values": [], "name": "num_vcpus"}, {"values": [], "name": "hypervisor_type"}, {"values": [], "name": "is_live_migratable"}, {"values": [], "name": "gpus_in_use"}, {"values": [], "name": "network_security_rule_id_list"}, {"values": [], "name": "vm_annotation"}, {"values": [], "name": "vm_type"}, {"values": [], "name": "power_state"}, {"values": [], "name": "protection_type"}, {"values": [], "name": "ngt.enabled_applications"}, {"values": [], "name": "ngt.cluster_version"}, {"values": [], "name": "ngt.installed_version"}, {"values": [], "name": "node"}, {"values": [{"values": ["kComplete"], "time": 1569563701472656}], "name": "state"}, {"values": [{"values": ["kLocal"], "time": 1569563701481121}], "name": "zone_type"}]}], "group_by_column_value": "", "total_entity_count": 5, "group_summaries": {}}], "total_group_count": 1},
  "overprovisioned": {"entity_type": "mh_vm", "filtered_group_count": 1, "total_entity_count": 11, "filtered_entity_count": 2, "group_results": [{"entity_results": [{"entity_id": "bootcamp_overprovisioned_1", "data": [{"values": [{"values": ["bootcamp_overprovisioned_1"], "time": 1569381180145681}], "name": "vm_name"}, {"values": [{"values": ["Overprovisioned"], "time": 1569531600000000}], "name": "capacity.vm_efficiency_status"}, {"values": [{"values": ["{\"overprovisioned_vm\": {\"memory\": {\"memory_usage_ppm\": \"Max hourly average memory usage (10.0%) was less than the threshold (20%) during the last 21 days.\"}}}"], "time": 1569531600000000}], "name": "capacity.vm_efficiency_detail"}, {"values": [{"values": ["Prism-Pro-Cluster"], "time": 1569381180145681}], "name": "cluster_name"}, {"values": [{"values": ["00057d50-00df-b390-0000-00000000eafd"], "time": 1569381180145681}], "name": "cluster"}, {"values": [], "name": "is_cvm"}, {"values": [], "name": "is_acropolis_vm"}, {"values": [], "name": "ngt.enabled"}, {"values": [], "name": "num_vcpus"}, {"values": [], "name": "hypervisor_type"}, {"values": [], "name": "is_live_migratable"}, {"values": [], "name": "gpus_in_use"}, {"values": [], "name": "network_security_rule_id_list"}, {"values": [], "name": "vm_annotation"}, {"values": [], "name": "vm_type"}, {"values": [], "name": "power_state"}, {"values": [], "name": "protection_type"}, {"values": [], "name": "ngt.enabled_applications"}, {"values": [], "name": "ngt.cluster_version"}, {"values": [], "name": "ngt.installed_version"}, {"values": [], "name": "node"}, {"values": [{"values": ["kComplete"], "time": 1569563992011830}], "name": "state"}, {"values": [{"values": ["kLocal"], "time": 1569563992018972}], "name": "zone_type"}]}, {"entity_id": "bootcamp_overprovisioned_2", "data": [{"values": [{"values": ["bootcamp_overprovisioned_2"], "time": 1569381074543452}], "name": "vm_name"}, {"values": [{"values": ["Overprovisioned"], "time": 1569531600000000}], "name": "capacity.vm_efficiency_status"}, {"values": [{"values": ["{\"overprovisioned_vm\": {\"memory\": {\"memory_usage_ppm\": \"Max hourly average memory usage (10.0%) was less than the threshold (20%) during the last 21 days.\"}}}"], "time": 1569531600000000}], "name": "capacity.vm_efficiency_detail"}, {"values": [{"values": ["Prism-Pro-Cluster"], "time": 1569381074543452}], "name": "cluster_name"}, {"values": [{"values": ["00057d50-00df-b390-0000-00000000eafd"], "time": 1569381074543452}], "name": "cluster"}, {"values": [], "name": "is_cvm"}, {"values": [], "name": "is_acropolis_vm"}, {"values": [], "name": "ngt.enabled"}, {"values": [], "name": "num_vcpus"}, {"values": [], "name": "hypervisor_type"}, {"values": [], "name": "is_live_migratable"}, {"values": [], "name": "gpus_in_use"}, {"values": [], "name": "network_security_rule_id_list"}, {"values": [], "name": "vm_annotation"}, {"values": [], "name": "vm_type"}, {"values": [], "name": "power_state"}, {"values": [], "name": "protection_type"}, {"values": [], "name": "ngt.enabled_applications"}, {"values": [], "name": "ngt.cluster_version"}, {"values": [], "name": "ngt.installed_version"}, {"values": [], "name": "node"}, {"values": [{"values": ["kComplete"], "time": 1569563992011830}], "name": "state"}, {"values": [{"values": ["kLocal"], "time": 1569563992018972}], "name": "zone_type"}]}], "group_by_column_value": "", "total_entity_count": 2, "group_summaries": {}}], "total_group_count": 1},
  "inactive": {"entity_type": "mh_vm", "filtered_group_count": 1, "total_entity_count": 11, "filtered_entity_count": 1, "group_results": [{"entity_results": [{"entity_id": "bootcamp_inactive1", "data": [{"values": [{"values": ["bootcamp_inactive1"], "time": 1569380968780860}], "name": "vm_name"}, {"values": [{"values": ["Inactive"], "time": 1569531600000000}], "name": "capacity.vm_efficiency_status"}, {"values": [{"values": ["{\"inactive_vm\": \"The VM had low resource utilization during the last 21 days.\"}"], "time": 1569531600000000}], "name": "capacity.vm_efficiency_detail"}, {"values": [{"values": ["Prism-Pro-Cluster"], "time": 1569380968780860}], "name": "cluster_name"}, {"values": [{"values": ["00057d50-00df-b390-0000-00000000eafd"], "time": 1569380968780860}], "name": "cluster"}, {"values": [], "name": "is_cvm"}, {"values": [], "name": "is_acropolis_vm"}, {"values": [], "name": "ngt.enabled"}, {"values": [], "name": "num_vcpus"}, {"values": [], "name": "hypervisor_type"}, {"values": [], "name": "is_live_migratable"}, {"values": [], "name": "gpus_in_use"}, {"values": [], "name": "network_security_rule_id_list"}, {"values": [], "name": "vm_annotation"}, {"values": [], "name": "vm_type"}, {"values": [], "name": "power_state"}, {"values": [], "name": "protection_type"}, {"values": [], "name": "ngt.enabled_applications"}, {"values": [], "name": "ngt.cluster_version"}, {"values": [], "name": "ngt.installed_version"}, {"values": [], "name": "node"}, {"values": [{"values": ["kComplete"], "time": 1569564600347815}], "name": "state"}, {"values": [{"values": ["kLocal"], "time": 1569564600350372}], "name": "zone_type"}]}], "group_by_column_value": "", "total_entity_count": 1, "group_summaries": {}}], "total_group_count": 1},
  "constrained": {"entity_type": "mh_vm", "filtered_group_count": 1, "total_entity_count": 11, "filtered_entity_count": 2, "group_results": [{"entity_results": [{"entity_id": "bootcamp_constrained_1", "data": [{"values": [{"values": ["bootcamp_constrained_1"], "time": 1569380863449362}], "name": "vm_name"}, {"values": [{"values": ["Constrained"], "time": 1569531600000000}], "name": "capacity.vm_efficiency_status"}, {"values": [{"values": ["{\"constrained_vm\": {\"memory\": {\"memory_usage_ppm\": \"Max hourly average memory usage (92.52%) exceeded the threshold (90%) during the last 21 days.\"}}}"], "time": 1569531600000000}], "name": "capacity.vm_efficiency_detail"}, {"values": [{"values": ["Prism-Pro-Cluster"], "time": 1569380863449362}], "name": "cluster_name"}, {"values": [{"values": ["00057d50-00df-b390-0000-00000000eafd"], "time": 1569380863449362}], "name": "cluster"}, {"values": [], "name": "is_cvm"}, {"values": [], "name": "is_acropolis_vm"}, {"values": [], "name": "ngt.enabled"}, {"values": [], "name": "num_vcpus"}, {"values": [], "name": "hypervisor_type"}, {"values": [], "name": "is_live_migratable"}, {"values": [], "name": "gpus_in_use"}, {"values": [], "name": "network_security_rule_id_list"}, {"values": [], "name": "vm_annotation"}, {"values": [], "name": "vm_type"}, {"values": [], "name": "power_state"}, {"values": [], "name": "protection_type"}, {"values": [], "name": "ngt.enabled_applications"}, {"values": [], "name": "ngt.cluster_version"}, {"values": [], "name": "ngt.installed_version"}, {"values": [], "name": "node"}, {"values": [{"values": ["kComplete"], "time": 1569564677295397}], "name": "state"}, {"values": [{"values": ["kLocal"], "time": 1569564677300555}], "name": "zone_type"}]}, {"entity_id": "bootcamp_constrained_2", "data": [{"values": [{"values": ["bootcamp_constrained_2"], "time": 1569381127420481}], "name": "vm_name"}, {"values": [{"values": ["Constrained"], "time": 1569531600000000}], "name": "capacity.vm_efficiency_status"}, {"values": [{"values": ["{\"constrained_vm\": {\"memory\": {\"memory_usage_ppm\": \"Max hourly average memory usage (92.52%) exceeded the threshold (90%) during the last 21 days.\"}}}"], "time": 1569531600000000}], "name": "capacity.vm_efficiency_detail"}, {"values": [{"values": ["Prism-Pro-Cluster"], "time": 1569381127420481}], "name": "cluster_name"}, {"values": [{"values": ["00057d50-00df-b390-0000-00000000eafd"], "time": 1569381127420481}], "name": "cluster"}, {"values": [], "name": "is_cvm"}, {"values": [], "name": "is_acropolis_vm"}, {"values": [], "name": "ngt.enabled"}, {"values": [], "name": "num_vcpus"}, {"values": [], "name": "hypervisor_type"}, {"values": [], "name": "is_live_migratable"}, {"values": [], "name": "gpus_in_use"}, {"values": [], "name": "network_security_rule_id_list"}, {"values": [], "name": "vm_annotation"}, {"values": [], "name": "vm_type"}, {"values": [], "name": "power_state"}, {"values": [], "name": "protection_type"}, {"values": [], "name": "ngt.enabled_applications"}, {"values": [], "name": "ngt.cluster_version"}, {"values": [], "name": "ngt.installed_version"}, {"values": [], "name": "node"}, {"values": [{"values": ["kComplete"], "time": 1569564677295397}], "name": "state"}, {"values": [{"values": ["kLocal"], "time": 1569564677300555}], "name": "zone_type"}]}], "group_by_column_value": "", "total_entity_count": 2, "group_summaries": {}}], "total_group_count": 1}
}
